case_id,household_id,case_type,severity,status,created_at,updated_at
C0001,H0112,Medical Need,Moderate,Assigned,2025-11-01 00:00:00,2025-11-02 00:00:00
C0002,H0326,Financial Assistance,Severe,Resolved,2025-11-01 01:00:00,2025-11-02 01:00:00
C0003,H0180,Food Need,Moderate,In Progress,2025-11-01 02:00:00,2025-11-02 02:00:00
C0004,H0153,Housing Damage,Severe,In Progress,2025-11-01 03:00:00,2025-11-02 03:00:00
C0005,H0142,Medical Need,Minor,Assigned,2025-11-01 04:00:00,2025-11-02 04:00:00
C0006,H0405,Food Need,Moderate,Assigned,2025-11-01 05:00:00,2025-11-02 05:00:00
C0007,H0102,Housing Damage,Severe,In Progress,2025-11-01 06:00:00,2025-11-02 06:00:00
C0008,H0050,Housing Damage,Moderate,Assigned,2025-11-01 07:00:00,2025-11-02 07:00:00
C0009,H0003,Medical Need,Minor,In Progress,2025-11-01 08:00:00,2025-11-02 08:00:00
C0010,H0445,Medical Need,Severe,Resolved,2025-11-01 09:00:00,2025-11-02 09:00:00
C0011,H0142,Medical Need,Moderate,New,2025-11-01 10:00:00,2025-11-02 10:00:00
C0012,H0013,Medical Need,Moderate,Resolved,2025-11-01 11:00:00,2025-11-02 11:00:00
C0013,H0266,Food Need,Minor,Resolved,2025-11-01 12:00:00,2025-11-02 12:00:00
C0014,H0097,Financial Assistance,Minor,In Progress,2025-11-01 13:00:00,2025-11-02 13:00:00
C0015,H0434,Food Need,Severe,In Progress,2025-11-01 14:00:00,2025-11-02 14:00:00
C0016,H0095,Housing Damage,Minor,Assigned,2025-11-01 15:00:00,2025-11-02 15:00:00
C0017,H0124,Financial Assistance,Severe,Assigned,2025-11-01 16:00:00,2025-11-02 16:00:00
C0018,H0418,Financial Assistance,Minor,New,2025-11-01 17:00:00,2025-11-02 17:00:00
C0019,H0479,Food Need,Severe,In Progress,2025-11-01 18:00:00,2025-11-02 18:00:00
C0020,H0229,Housing Damage,Severe,New,2025-11-01 19:00:00,2025-11-02 19:00:00
C0021,H0385,Financial Assistance,Minor,Resolved,2025-11-01 20:00:00,2025-11-02 20:00:00
C0022,H0012,Medical Need,Severe,New,2025-11-01 21:00:00,2025-11-02 21:00:00
C0023,H0023,Medical Need,Severe,Assigned,2025-11-01 22:00:00,2025-11-02 22:00:00
C0024,H0316,Financial Assistance,Minor,Assigned,2025-11-01 23:00:00,2025-11-02 23:00:00
C0025,H0216,Housing Damage,Moderate,In Progress,2025-11-02 00:00:00,2025-11-03 00:00:00
C0026,H0275,Financial Assistance,Severe,New,2025-11-02 01:00:00,2025-11-03 01:00:00
C0027,H0227,Medical Need,Minor,Assigned,2025-11-02 02:00:00,2025-11-03 02:00:00
C0028,H0252,Housing Damage,Severe,In Progress,2025-11-02 03:00:00,2025-11-03 03:00:00
C0029,H0017,Food Need,Severe,In Progress,2025-11-02 04:00:00,2025-11-03 04:00:00
C0030,H0168,Food Need,Severe,Assigned,2025-11-02 05:00:00,2025-11-03 05:00:00
C0031,H0297,Medical Need,Minor,New,2025-11-02 06:00:00,2025-11-03 06:00:00
C0032,H0151,Financial Assistance,Moderate,In Progress,2025-11-02 07:00:00,2025-11-03 07:00:00
C0033,H0473,Housing Damage,Moderate,In Progress,2025-11-02 08:00:00,2025-11-03 08:00:00
C0034,H0061,Food Need,Minor,Assigned,2025-11-02 09:00:00,2025-11-03 09:00:00
C0035,H0139,Food Need,Severe,Assigned,2025-11-02 10:00:00,2025-11-03 10:00:00
C0036,H0086,Financial Assistance,Moderate,Resolved,2025-11-02 11:00:00,2025-11-03 11:00:00
C0037,H0464,Housing Damage,Severe,In Progress,2025-11-02 12:00:00,2025-11-03 12:00:00
C0038,H0181,Medical Need,Severe,Assigned,2025-11-02 13:00:00,2025-11-03 13:00:00
C0039,H0343,Housing Damage,Minor,Assigned,2025-11-02 14:00:00,2025-11-03 14:00:00
C0040,H0228,Housing Damage,Severe,New,2025-11-02 15:00:00,2025-11-03 15:00:00
C0041,H0286,Medical Need,Moderate,Resolved,2025-11-02 16:00:00,2025-11-03 16:00:00
C0042,H0291,Financial Assistance,Severe,In Progress,2025-11-02 17:00:00,2025-11-03 17:00:00
C0043,H0496,Financial Assistance,Severe,Assigned,2025-11-02 18:00:00,2025-11-03 18:00:00
C0044,H0472,Financial Assistance,Severe,Assigned,2025-11-02 19:00:00,2025-11-03 19:00:00
C0045,H0173,Financial Assistance,Severe,Assigned,2025-11-02 20:00:00,2025-11-03 20:00:00
C0046,H0409,Food Need,Moderate,Resolved,2025-11-02 21:00:00,2025-11-03 21:00:00
C0047,H0390,Housing Damage,Moderate,In Progress,2025-11-02 22:00:00,2025-11-03 22:00:00
C0048,H0024,Food Need,Moderate,Resolved,2025-11-02 23:00:00,2025-11-03 23:00:00
C0049,H0015,Medical Need,Moderate,In Progress,2025-11-03 00:00:00,2025-11-04 00:00:00
C0050,H0300,Housing Damage,Minor,Resolved,2025-11-03 01:00:00,2025-11-04 01:00:00
C0051,H0202,Financial Assistance,Severe,New,2025-11-03 02:00:00,2025-11-04 02:00:00
C0052,H0383,Financial Assistance,Moderate,New,2025-11-03 03:00:00,2025-11-04 03:00:00
C0053,H0300,Medical Need,Moderate,New,2025-11-03 04:00:00,2025-11-04 04:00:00
C0054,H0458,Food Need,Moderate,New,2025-11-03 05:00:00,2025-11-04 05:00:00
C0055,H0424,Housing Damage,Severe,Assigned,2025-11-03 06:00:00,2025-11-04 06:00:00
C0056,H0296,Food Need,Moderate,Assigned,2025-11-03 07:00:00,2025-11-04 07:00:00
C0057,H0353,Food Need,Moderate,Assigned,2025-11-03 08:00:00,2025-11-04 08:00:00
C0058,H0478,Food Need,Minor,New,2025-11-03 09:00:00,2025-11-04 09:00:00
C0059,H0469,Medical Need,Minor,New,2025-11-03 10:00:00,2025-11-04 10:00:00
C0060,H0210,Food Need,Moderate,Assigned,2025-11-03 11:00:00,2025-11-04 11:00:00
C0061,H0372,Housing Damage,Moderate,New,2025-11-03 12:00:00,2025-11-04 12:00:00
C0062,H0238,Food Need,Minor,In Progress,2025-11-03 13:00:00,2025-11-04 13:00:00
C0063,H0192,Medical Need,Severe,New,2025-11-03 14:00:00,2025-11-04 14:00:00
C0064,H0183,Financial Assistance,Severe,Resolved,2025-11-03 15:00:00,2025-11-04 15:00:00
C0065,H0278,Housing Damage,Severe,New,2025-11-03 16:00:00,2025-11-04 16:00:00
C0066,H0068,Food Need,Severe,Assigned,2025-11-03 17:00:00,2025-11-04 17:00:00
C0067,H0232,Medical Need,Severe,Assigned,2025-11-03 18:00:00,2025-11-04 18:00:00
C0068,H0323,Housing Damage,Minor,New,2025-11-03 19:00:00,2025-11-04 19:00:00
C0069,H0261,Housing Damage,Severe,New,2025-11-03 20:00:00,2025-11-04 20:00:00
C0070,H0142,Financial Assistance,Moderate,Resolved,2025-11-03 21:00:00,2025-11-04 21:00:00
C0071,H0476,Housing Damage,Minor,Resolved,2025-11-03 22:00:00,2025-11-04 22:00:00
C0072,H0414,Financial Assistance,Severe,Resolved,2025-11-03 23:00:00,2025-11-04 23:00:00
C0073,H0425,Housing Damage,Minor,Resolved,2025-11-04 00:00:00,2025-11-05 00:00:00
C0074,H0231,Housing Damage,Severe,New,2025-11-04 01:00:00,2025-11-05 01:00:00
C0075,H0022,Food Need,Minor,In Progress,2025-11-04 02:00:00,2025-11-05 02:00:00
C0076,H0401,Housing Damage,Moderate,In Progress,2025-11-04 03:00:00,2025-11-05 03:00:00
C0077,H0246,Housing Damage,Moderate,New,2025-11-04 04:00:00,2025-11-05 04:00:00
C0078,H0300,Financial Assistance,Moderate,Resolved,2025-11-04 05:00:00,2025-11-05 05:00:00
C0079,H0462,Medical Need,Severe,Resolved,2025-11-04 06:00:00,2025-11-05 06:00:00
C0080,H0486,Medical Need,Minor,Assigned,2025-11-04 07:00:00,2025-11-05 07:00:00
C0081,H0053,Food Need,Moderate,Assigned,2025-11-04 08:00:00,2025-11-05 08:00:00
C0082,H0172,Food Need,Minor,In Progress,2025-11-04 09:00:00,2025-11-05 09:00:00
C0083,H0116,Financial Assistance,Minor,New,2025-11-04 10:00:00,2025-11-05 10:00:00
C0084,H0220,Food Need,Minor,New,2025-11-04 11:00:00,2025-11-05 11:00:00
C0085,H0154,Medical Need,Severe,Assigned,2025-11-04 12:00:00,2025-11-05 12:00:00
C0086,H0490,Medical Need,Moderate,Resolved,2025-11-04 13:00:00,2025-11-05 13:00:00
C0087,H0489,Financial Assistance,Minor,In Progress,2025-11-04 14:00:00,2025-11-05 14:00:00
C0088,H0169,Financial Assistance,Severe,New,2025-11-04 15:00:00,2025-11-05 15:00:00
C0089,H0192,Medical Need,Severe,Resolved,2025-11-04 16:00:00,2025-11-05 16:00:00
C0090,H0273,Housing Damage,Minor,Resolved,2025-11-04 17:00:00,2025-11-05 17:00:00
C0091,H0276,Housing Damage,Moderate,In Progress,2025-11-04 18:00:00,2025-11-05 18:00:00
C0092,H0101,Financial Assistance,Severe,In Progress,2025-11-04 19:00:00,2025-11-05 19:00:00
C0093,H0346,Housing Damage,Severe,New,2025-11-04 20:00:00,2025-11-05 20:00:00
C0094,H0294,Medical Need,Severe,Resolved,2025-11-04 21:00:00,2025-11-05 21:00:00
C0095,H0467,Food Need,Severe,New,2025-11-04 22:00:00,2025-11-05 22:00:00
C0096,H0076,Medical Need,Severe,Resolved,2025-11-04 23:00:00,2025-11-05 23:00:00
C0097,H0014,Financial Assistance,Severe,Assigned,2025-11-05 00:00:00,2025-11-06 00:00:00
C0098,H0023,Medical Need,Moderate,New,2025-11-05 01:00:00,2025-11-06 01:00:00
C0099,H0273,Medical Need,Minor,In Progress,2025-11-05 02:00:00,2025-11-06 02:00:00
C0100,H0165,Food Need,Minor,Resolved,2025-11-05 03:00:00,2025-11-06 03:00:00
C0101,H0324,Medical Need,Severe,Resolved,2025-11-05 04:00:00,2025-11-06 04:00:00
C0102,H0048,Housing Damage,Moderate,In Progress,2025-11-05 05:00:00,2025-11-06 05:00:00
C0103,H0152,Financial Assistance,Moderate,Resolved,2025-11-05 06:00:00,2025-11-06 06:00:00
C0104,H0438,Financial Assistance,Minor,New,2025-11-05 07:00:00,2025-11-06 07:00:00
C0105,H0430,Medical Need,Moderate,Assigned,2025-11-05 08:00:00,2025-11-06 08:00:00
C0106,H0453,Financial Assistance,Moderate,Assigned,2025-11-05 09:00:00,2025-11-06 09:00:00
C0107,H0361,Financial Assistance,Severe,New,2025-11-05 10:00:00,2025-11-06 10:00:00
C0108,H0018,Housing Damage,Moderate,New,2025-11-05 11:00:00,2025-11-06 11:00:00
C0109,H0126,Financial Assistance,Moderate,Resolved,2025-11-05 12:00:00,2025-11-06 12:00:00
C0110,H0064,Financial Assistance,Minor,In Progress,2025-11-05 13:00:00,2025-11-06 13:00:00
C0111,H0413,Housing Damage,Minor,New,2025-11-05 14:00:00,2025-11-06 14:00:00
C0112,H0359,Financial Assistance,Minor,Assigned,2025-11-05 15:00:00,2025-11-06 15:00:00
C0113,H0451,Financial Assistance,Minor,Assigned,2025-11-05 16:00:00,2025-11-06 16:00:00
C0114,H0364,Housing Damage,Minor,New,2025-11-05 17:00:00,2025-11-06 17:00:00
C0115,H0195,Food Need,Minor,New,2025-11-05 18:00:00,2025-11-06 18:00:00
C0116,H0258,Food Need,Severe,New,2025-11-05 19:00:00,2025-11-06 19:00:00
C0117,H0111,Financial Assistance,Moderate,Resolved,2025-11-05 20:00:00,2025-11-06 20:00:00
C0118,H0043,Housing Damage,Minor,Assigned,2025-11-05 21:00:00,2025-11-06 21:00:00
C0119,H0368,Food Need,Moderate,Assigned,2025-11-05 22:00:00,2025-11-06 22:00:00
C0120,H0457,Food Need,Severe,Assigned,2025-11-05 23:00:00,2025-11-06 23:00:00
C0121,H0408,Food Need,Minor,Resolved,2025-11-06 00:00:00,2025-11-07 00:00:00
C0122,H0316,Medical Need,Minor,Assigned,2025-11-06 01:00:00,2025-11-07 01:00:00
C0123,H0308,Financial Assistance,Minor,Assigned,2025-11-06 02:00:00,2025-11-07 02:00:00
C0124,H0382,Medical Need,Moderate,Assigned,2025-11-06 03:00:00,2025-11-07 03:00:00
C0125,H0095,Financial Assistance,Minor,Resolved,2025-11-06 04:00:00,2025-11-07 04:00:00
C0126,H0150,Food Need,Minor,In Progress,2025-11-06 05:00:00,2025-11-07 05:00:00
C0127,H0422,Housing Damage,Severe,New,2025-11-06 06:00:00,2025-11-07 06:00:00
C0128,H0389,Financial Assistance,Moderate,New,2025-11-06 07:00:00,2025-11-07 07:00:00
C0129,H0291,Medical Need,Minor,Resolved,2025-11-06 08:00:00,2025-11-07 08:00:00
C0130,H0311,Housing Damage,Minor,Assigned,2025-11-06 09:00:00,2025-11-07 09:00:00
C0131,H0156,Medical Need,Moderate,Resolved,2025-11-06 10:00:00,2025-11-07 10:00:00
C0132,H0045,Food Need,Severe,In Progress,2025-11-06 11:00:00,2025-11-07 11:00:00
C0133,H0420,Medical Need,Minor,New,2025-11-06 12:00:00,2025-11-07 12:00:00
C0134,H0063,Housing Damage,Minor,New,2025-11-06 13:00:00,2025-11-07 13:00:00
C0135,H0258,Medical Need,Severe,Assigned,2025-11-06 14:00:00,2025-11-07 14:00:00
C0136,H0287,Food Need,Moderate,Assigned,2025-11-06 15:00:00,2025-11-07 15:00:00
C0137,H0118,Medical Need,Severe,Assigned,2025-11-06 16:00:00,2025-11-07 16:00:00
C0138,H0249,Medical Need,Moderate,Assigned,2025-11-06 17:00:00,2025-11-07 17:00:00
C0139,H0259,Food Need,Moderate,New,2025-11-06 18:00:00,2025-11-07 18:00:00
C0140,H0053,Financial Assistance,Minor,Resolved,2025-11-06 19:00:00,2025-11-07 19:00:00
C0141,H0002,Housing Damage,Severe,Resolved,2025-11-06 20:00:00,2025-11-07 20:00:00
C0142,H0278,Medical Need,Severe,Resolved,2025-11-06 21:00:00,2025-11-07 21:00:00
C0143,H0090,Financial Assistance,Minor,New,2025-11-06 22:00:00,2025-11-07 22:00:00
C0144,H0189,Financial Assistance,Minor,New,2025-11-06 23:00:00,2025-11-07 23:00:00
C0145,H0067,Housing Damage,Moderate,In Progress,2025-11-07 00:00:00,2025-11-08 00:00:00
C0146,H0272,Housing Damage,Severe,In Progress,2025-11-07 01:00:00,2025-11-08 01:00:00
C0147,H0145,Medical Need,Severe,In Progress,2025-11-07 02:00:00,2025-11-08 02:00:00
C0148,H0219,Food Need,Moderate,New,2025-11-07 03:00:00,2025-11-08 03:00:00
C0149,H0315,Housing Damage,Minor,New,2025-11-07 04:00:00,2025-11-08 04:00:00
C0150,H0037,Food Need,Minor,Assigned,2025-11-07 05:00:00,2025-11-08 05:00:00
C0151,H0208,Housing Damage,Minor,New,2025-11-07 06:00:00,2025-11-08 06:00:00
C0152,H0162,Financial Assistance,Severe,In Progress,2025-11-07 07:00:00,2025-11-08 07:00:00
C0153,H0035,Food Need,Moderate,Resolved,2025-11-07 08:00:00,2025-11-08 08:00:00
C0154,H0004,Financial Assistance,Moderate,New,2025-11-07 09:00:00,2025-11-08 09:00:00
C0155,H0417,Housing Damage,Moderate,New,2025-11-07 10:00:00,2025-11-08 10:00:00
C0156,H0414,Food Need,Moderate,Assigned,2025-11-07 11:00:00,2025-11-08 11:00:00
C0157,H0259,Food Need,Moderate,New,2025-11-07 12:00:00,2025-11-08 12:00:00
C0158,H0293,Housing Damage,Minor,In Progress,2025-11-07 13:00:00,2025-11-08 13:00:00
C0159,H0040,Medical Need,Moderate,Assigned,2025-11-07 14:00:00,2025-11-08 14:00:00
C0160,H0066,Food Need,Severe,Resolved,2025-11-07 15:00:00,2025-11-08 15:00:00
C0161,H0039,Food Need,Moderate,Assigned,2025-11-07 16:00:00,2025-11-08 16:00:00
C0162,H0195,Food Need,Severe,New,2025-11-07 17:00:00,2025-11-08 17:00:00
C0163,H0330,Food Need,Minor,In Progress,2025-11-07 18:00:00,2025-11-08 18:00:00
C0164,H0147,Medical Need,Moderate,Assigned,2025-11-07 19:00:00,2025-11-08 19:00:00
C0165,H0480,Financial Assistance,Severe,Resolved,2025-11-07 20:00:00,2025-11-08 20:00:00
C0166,H0101,Medical Need,Moderate,Assigned,2025-11-07 21:00:00,2025-11-08 21:00:00
C0167,H0173,Food Need,Moderate,In Progress,2025-11-07 22:00:00,2025-11-08 22:00:00
C0168,H0012,Housing Damage,Moderate,Assigned,2025-11-07 23:00:00,2025-11-08 23:00:00
C0169,H0072,Medical Need,Moderate,Resolved,2025-11-08 00:00:00,2025-11-09 00:00:00
C0170,H0473,Medical Need,Moderate,Assigned,2025-11-08 01:00:00,2025-11-09 01:00:00
C0171,H0282,Food Need,Minor,Assigned,2025-11-08 02:00:00,2025-11-09 02:00:00
C0172,H0218,Food Need,Severe,Resolved,2025-11-08 03:00:00,2025-11-09 03:00:00
C0173,H0380,Financial Assistance,Minor,Resolved,2025-11-08 04:00:00,2025-11-09 04:00:00
C0174,H0223,Financial Assistance,Moderate,Resolved,2025-11-08 05:00:00,2025-11-09 05:00:00
C0175,H0112,Food Need,Severe,Assigned,2025-11-08 06:00:00,2025-11-09 06:00:00
C0176,H0431,Medical Need,Minor,New,2025-11-08 07:00:00,2025-11-09 07:00:00
C0177,H0178,Food Need,Severe,Assigned,2025-11-08 08:00:00,2025-11-09 08:00:00
C0178,H0448,Food Need,Severe,Assigned,2025-11-08 09:00:00,2025-11-09 09:00:00
C0179,H0472,Food Need,Minor,New,2025-11-08 10:00:00,2025-11-09 10:00:00
C0180,H0358,Food Need,Severe,Assigned,2025-11-08 11:00:00,2025-11-09 11:00:00
C0181,H0057,Food Need,Moderate,Resolved,2025-11-08 12:00:00,2025-11-09 12:00:00
C0182,H0293,Housing Damage,Moderate,Assigned,2025-11-08 13:00:00,2025-11-09 13:00:00
C0183,H0289,Housing Damage,Minor,Assigned,2025-11-08 14:00:00,2025-11-09 14:00:00
C0184,H0349,Medical Need,Moderate,In Progress,2025-11-08 15:00:00,2025-11-09 15:00:00
C0185,H0293,Food Need,Moderate,Assigned,2025-11-08 16:00:00,2025-11-09 16:00:00
C0186,H0281,Housing Damage,Moderate,In Progress,2025-11-08 17:00:00,2025-11-09 17:00:00
C0187,H0497,Housing Damage,Severe,New,2025-11-08 18:00:00,2025-11-09 18:00:00
C0188,H0489,Housing Damage,Severe,Resolved,2025-11-08 19:00:00,2025-11-09 19:00:00
C0189,H0134,Medical Need,Minor,New,2025-11-08 20:00:00,2025-11-09 20:00:00
C0190,H0121,Housing Damage,Moderate,Assigned,2025-11-08 21:00:00,2025-11-09 21:00:00
C0191,H0306,Housing Damage,Moderate,New,2025-11-08 22:00:00,2025-11-09 22:00:00
C0192,H0323,Financial Assistance,Minor,Assigned,2025-11-08 23:00:00,2025-11-09 23:00:00
C0193,H0496,Medical Need,Moderate,New,2025-11-09 00:00:00,2025-11-10 00:00:00
C0194,H0419,Food Need,Minor,In Progress,2025-11-09 01:00:00,2025-11-10 01:00:00
C0195,H0282,Food Need,Minor,In Progress,2025-11-09 02:00:00,2025-11-10 02:00:00
C0196,H0298,Housing Damage,Minor,Assigned,2025-11-09 03:00:00,2025-11-10 03:00:00
C0197,H0411,Food Need,Moderate,Assigned,2025-11-09 04:00:00,2025-11-10 04:00:00
C0198,H0270,Food Need,Severe,In Progress,2025-11-09 05:00:00,2025-11-10 05:00:00
C0199,H0060,Food Need,Severe,Assigned,2025-11-09 06:00:00,2025-11-10 06:00:00
C0200,H0248,Housing Damage,Minor,Resolved,2025-11-09 07:00:00,2025-11-10 07:00:00
C0201,H0358,Housing Damage,Moderate,New,2025-11-09 08:00:00,2025-11-10 08:00:00
C0202,H0259,Financial Assistance,Moderate,In Progress,2025-11-09 09:00:00,2025-11-10 09:00:00
C0203,H0341,Medical Need,Moderate,New,2025-11-09 10:00:00,2025-11-10 10:00:00
C0204,H0413,Financial Assistance,Moderate,In Progress,2025-11-09 11:00:00,2025-11-10 11:00:00
C0205,H0443,Financial Assistance,Severe,In Progress,2025-11-09 12:00:00,2025-11-10 12:00:00
C0206,H0328,Medical Need,Minor,New,2025-11-09 13:00:00,2025-11-10 13:00:00
C0207,H0013,Financial Assistance,Minor,Assigned,2025-11-09 14:00:00,2025-11-10 14:00:00
C0208,H0260,Medical Need,Moderate,New,2025-11-09 15:00:00,2025-11-10 15:00:00
C0209,H0494,Food Need,Severe,In Progress,2025-11-09 16:00:00,2025-11-10 16:00:00
C0210,H0313,Medical Need,Severe,New,2025-11-09 17:00:00,2025-11-10 17:00:00
C0211,H0062,Food Need,Severe,Resolved,2025-11-09 18:00:00,2025-11-10 18:00:00
C0212,H0222,Food Need,Minor,Assigned,2025-11-09 19:00:00,2025-11-10 19:00:00
C0213,H0307,Medical Need,Severe,Assigned,2025-11-09 20:00:00,2025-11-10 20:00:00
C0214,H0154,Food Need,Severe,New,2025-11-09 21:00:00,2025-11-10 21:00:00
C0215,H0166,Medical Need,Severe,In Progress,2025-11-09 22:00:00,2025-11-10 22:00:00
C0216,H0488,Medical Need,Moderate,New,2025-11-09 23:00:00,2025-11-10 23:00:00
C0217,H0346,Housing Damage,Minor,In Progress,2025-11-10 00:00:00,2025-11-11 00:00:00
C0218,H0416,Housing Damage,Minor,Resolved,2025-11-10 01:00:00,2025-11-11 01:00:00
C0219,H0455,Medical Need,Severe,New,2025-11-10 02:00:00,2025-11-11 02:00:00
C0220,H0465,Financial Assistance,Minor,Resolved,2025-11-10 03:00:00,2025-11-11 03:00:00
C0221,H0236,Food Need,Moderate,New,2025-11-10 04:00:00,2025-11-11 04:00:00
C0222,H0189,Food Need,Minor,In Progress,2025-11-10 05:00:00,2025-11-11 05:00:00
C0223,H0390,Medical Need,Severe,New,2025-11-10 06:00:00,2025-11-11 06:00:00
C0224,H0047,Medical Need,Minor,Resolved,2025-11-10 07:00:00,2025-11-11 07:00:00
C0225,H0031,Financial Assistance,Severe,In Progress,2025-11-10 08:00:00,2025-11-11 08:00:00
C0226,H0405,Financial Assistance,Minor,New,2025-11-10 09:00:00,2025-11-11 09:00:00
C0227,H0125,Medical Need,Minor,New,2025-11-10 10:00:00,2025-11-11 10:00:00
C0228,H0337,Housing Damage,Minor,Resolved,2025-11-10 11:00:00,2025-11-11 11:00:00
C0229,H0409,Medical Need,Moderate,New,2025-11-10 12:00:00,2025-11-11 12:00:00
C0230,H0376,Medical Need,Severe,In Progress,2025-11-10 13:00:00,2025-11-11 13:00:00
C0231,H0442,Food Need,Moderate,In Progress,2025-11-10 14:00:00,2025-11-11 14:00:00
C0232,H0157,Financial Assistance,Minor,Resolved,2025-11-10 15:00:00,2025-11-11 15:00:00
C0233,H0275,Food Need,Severe,Resolved,2025-11-10 16:00:00,2025-11-11 16:00:00
C0234,H0005,Financial Assistance,Minor,Resolved,2025-11-10 17:00:00,2025-11-11 17:00:00
C0235,H0341,Medical Need,Moderate,Assigned,2025-11-10 18:00:00,2025-11-11 18:00:00
C0236,H0217,Financial Assistance,Minor,New,2025-11-10 19:00:00,2025-11-11 19:00:00
C0237,H0305,Financial Assistance,Minor,Resolved,2025-11-10 20:00:00,2025-11-11 20:00:00
C0238,H0184,Financial Assistance,Moderate,Assigned,2025-11-10 21:00:00,2025-11-11 21:00:00
C0239,H0477,Food Need,Severe,Resolved,2025-11-10 22:00:00,2025-11-11 22:00:00
C0240,H0081,Food Need,Minor,In Progress,2025-11-10 23:00:00,2025-11-11 23:00:00
C0241,H0446,Medical Need,Moderate,In Progress,2025-11-11 00:00:00,2025-11-12 00:00:00
C0242,H0240,Food Need,Minor,Assigned,2025-11-11 01:00:00,2025-11-12 01:00:00
C0243,H0459,Food Need,Minor,In Progress,2025-11-11 02:00:00,2025-11-12 02:00:00
C0244,H0189,Medical Need,Minor,Assigned,2025-11-11 03:00:00,2025-11-12 03:00:00
C0245,H0194,Financial Assistance,Minor,Assigned,2025-11-11 04:00:00,2025-11-12 04:00:00
C0246,H0150,Financial Assistance,Minor,New,2025-11-11 05:00:00,2025-11-12 05:00:00
C0247,H0283,Financial Assistance,Moderate,In Progress,2025-11-11 06:00:00,2025-11-12 06:00:00
C0248,H0030,Food Need,Severe,New,2025-11-11 07:00:00,2025-11-12 07:00:00
C0249,H0030,Financial Assistance,Severe,In Progress,2025-11-11 08:00:00,2025-11-12 08:00:00
C0250,H0053,Medical Need,Minor,Assigned,2025-11-11 09:00:00,2025-11-12 09:00:00
C0251,H0444,Financial Assistance,Moderate,New,2025-11-11 10:00:00,2025-11-12 10:00:00
C0252,H0025,Food Need,Minor,New,2025-11-11 11:00:00,2025-11-12 11:00:00
C0253,H0240,Food Need,Minor,Assigned,2025-11-11 12:00:00,2025-11-12 12:00:00
C0254,H0262,Medical Need,Severe,Resolved,2025-11-11 13:00:00,2025-11-12 13:00:00
C0255,H0061,Housing Damage,Minor,Resolved,2025-11-11 14:00:00,2025-11-12 14:00:00
C0256,H0407,Financial Assistance,Minor,In Progress,2025-11-11 15:00:00,2025-11-12 15:00:00
C0257,H0438,Housing Damage,Minor,Resolved,2025-11-11 16:00:00,2025-11-12 16:00:00
C0258,H0290,Food Need,Moderate,New,2025-11-11 17:00:00,2025-11-12 17:00:00
C0259,H0209,Food Need,Moderate,Resolved,2025-11-11 18:00:00,2025-11-12 18:00:00
C0260,H0344,Financial Assistance,Severe,Assigned,2025-11-11 19:00:00,2025-11-12 19:00:00
C0261,H0087,Medical Need,Severe,New,2025-11-11 20:00:00,2025-11-12 20:00:00
C0262,H0052,Housing Damage,Minor,Resolved,2025-11-11 21:00:00,2025-11-12 21:00:00
C0263,H0402,Financial Assistance,Minor,Resolved,2025-11-11 22:00:00,2025-11-12 22:00:00
C0264,H0021,Food Need,Severe,New,2025-11-11 23:00:00,2025-11-12 23:00:00
C0265,H0040,Housing Damage,Minor,New,2025-11-12 00:00:00,2025-11-13 00:00:00
C0266,H0328,Financial Assistance,Severe,Assigned,2025-11-12 01:00:00,2025-11-13 01:00:00
C0267,H0382,Medical Need,Moderate,Resolved,2025-11-12 02:00:00,2025-11-13 02:00:00
C0268,H0125,Financial Assistance,Moderate,In Progress,2025-11-12 03:00:00,2025-11-13 03:00:00
C0269,H0029,Food Need,Moderate,Assigned,2025-11-12 04:00:00,2025-11-13 04:00:00
C0270,H0473,Housing Damage,Severe,In Progress,2025-11-12 05:00:00,2025-11-13 05:00:00
C0271,H0170,Financial Assistance,Severe,Assigned,2025-11-12 06:00:00,2025-11-13 06:00:00
C0272,H0122,Housing Damage,Minor,In Progress,2025-11-12 07:00:00,2025-11-13 07:00:00
C0273,H0069,Medical Need,Severe,Assigned,2025-11-12 08:00:00,2025-11-13 08:00:00
C0274,H0152,Financial Assistance,Minor,Resolved,2025-11-12 09:00:00,2025-11-13 09:00:00
C0275,H0155,Financial Assistance,Severe,In Progress,2025-11-12 10:00:00,2025-11-13 10:00:00
C0276,H0496,Housing Damage,Moderate,In Progress,2025-11-12 11:00:00,2025-11-13 11:00:00
C0277,H0346,Housing Damage,Moderate,In Progress,2025-11-12 12:00:00,2025-11-13 12:00:00
C0278,H0306,Medical Need,Moderate,Assigned,2025-11-12 13:00:00,2025-11-13 13:00:00
C0279,H0236,Medical Need,Severe,Assigned,2025-11-12 14:00:00,2025-11-13 14:00:00
C0280,H0241,Food Need,Severe,In Progress,2025-11-12 15:00:00,2025-11-13 15:00:00
C0281,H0070,Financial Assistance,Minor,Resolved,2025-11-12 16:00:00,2025-11-13 16:00:00
C0282,H0009,Financial Assistance,Moderate,In Progress,2025-11-12 17:00:00,2025-11-13 17:00:00
C0283,H0404,Financial Assistance,Severe,Assigned,2025-11-12 18:00:00,2025-11-13 18:00:00
C0284,H0400,Medical Need,Minor,New,2025-11-12 19:00:00,2025-11-13 19:00:00
C0285,H0119,Medical Need,Minor,Resolved,2025-11-12 20:00:00,2025-11-13 20:00:00
C0286,H0225,Food Need,Minor,Resolved,2025-11-12 21:00:00,2025-11-13 21:00:00
C0287,H0468,Medical Need,Severe,In Progress,2025-11-12 22:00:00,2025-11-13 22:00:00
C0288,H0376,Housing Damage,Moderate,In Progress,2025-11-12 23:00:00,2025-11-13 23:00:00
C0289,H0135,Food Need,Severe,Resolved,2025-11-13 00:00:00,2025-11-14 00:00:00
C0290,H0260,Medical Need,Severe,Resolved,2025-11-13 01:00:00,2025-11-14 01:00:00
C0291,H0468,Financial Assistance,Minor,In Progress,2025-11-13 02:00:00,2025-11-14 02:00:00
C0292,H0065,Financial Assistance,Moderate,Assigned,2025-11-13 03:00:00,2025-11-14 03:00:00
C0293,H0385,Food Need,Minor,New,2025-11-13 04:00:00,2025-11-14 04:00:00
C0294,H0476,Food Need,Minor,New,2025-11-13 05:00:00,2025-11-14 05:00:00
C0295,H0472,Medical Need,Severe,Assigned,2025-11-13 06:00:00,2025-11-14 06:00:00
C0296,H0242,Medical Need,Severe,New,2025-11-13 07:00:00,2025-11-14 07:00:00
C0297,H0323,Food Need,Minor,Resolved,2025-11-13 08:00:00,2025-11-14 08:00:00
C0298,H0252,Medical Need,Moderate,Resolved,2025-11-13 09:00:00,2025-11-14 09:00:00
C0299,H0255,Financial Assistance,Moderate,In Progress,2025-11-13 10:00:00,2025-11-14 10:00:00
C0300,H0286,Housing Damage,Moderate,Assigned,2025-11-13 11:00:00,2025-11-14 11:00:00
C0301,H0176,Housing Damage,Severe,New,2025-11-13 12:00:00,2025-11-14 12:00:00
C0302,H0240,Food Need,Severe,New,2025-11-13 13:00:00,2025-11-14 13:00:00
C0303,H0335,Food Need,Severe,Resolved,2025-11-13 14:00:00,2025-11-14 14:00:00
C0304,H0331,Housing Damage,Severe,Resolved,2025-11-13 15:00:00,2025-11-14 15:00:00
C0305,H0364,Medical Need,Moderate,Assigned,2025-11-13 16:00:00,2025-11-14 16:00:00
C0306,H0391,Medical Need,Moderate,Resolved,2025-11-13 17:00:00,2025-11-14 17:00:00
C0307,H0217,Financial Assistance,Moderate,Assigned,2025-11-13 18:00:00,2025-11-14 18:00:00
C0308,H0025,Housing Damage,Moderate,Assigned,2025-11-13 19:00:00,2025-11-14 19:00:00
C0309,H0310,Housing Damage,Minor,Assigned,2025-11-13 20:00:00,2025-11-14 20:00:00
C0310,H0114,Medical Need,Moderate,Assigned,2025-11-13 21:00:00,2025-11-14 21:00:00
C0311,H0211,Food Need,Severe,New,2025-11-13 22:00:00,2025-11-14 22:00:00
C0312,H0222,Food Need,Moderate,In Progress,2025-11-13 23:00:00,2025-11-14 23:00:00
C0313,H0088,Financial Assistance,Moderate,New,2025-11-14 00:00:00,2025-11-15 00:00:00
C0314,H0220,Food Need,Severe,In Progress,2025-11-14 01:00:00,2025-11-15 01:00:00
C0315,H0266,Financial Assistance,Severe,Resolved,2025-11-14 02:00:00,2025-11-15 02:00:00
C0316,H0378,Housing Damage,Minor,Resolved,2025-11-14 03:00:00,2025-11-15 03:00:00
C0317,H0376,Food Need,Minor,In Progress,2025-11-14 04:00:00,2025-11-15 04:00:00
C0318,H0248,Food Need,Severe,Assigned,2025-11-14 05:00:00,2025-11-15 05:00:00
C0319,H0452,Medical Need,Moderate,In Progress,2025-11-14 06:00:00,2025-11-15 06:00:00
C0320,H0420,Housing Damage,Severe,Resolved,2025-11-14 07:00:00,2025-11-15 07:00:00
C0321,H0132,Medical Need,Minor,Assigned,2025-11-14 08:00:00,2025-11-15 08:00:00
C0322,H0177,Medical Need,Severe,New,2025-11-14 09:00:00,2025-11-15 09:00:00
C0323,H0229,Financial Assistance,Minor,In Progress,2025-11-14 10:00:00,2025-11-15 10:00:00
C0324,H0472,Medical Need,Minor,Assigned,2025-11-14 11:00:00,2025-11-15 11:00:00
C0325,H0061,Medical Need,Severe,Resolved,2025-11-14 12:00:00,2025-11-15 12:00:00
C0326,H0458,Food Need,Severe,Assigned,2025-11-14 13:00:00,2025-11-15 13:00:00
C0327,H0187,Financial Assistance,Moderate,Assigned,2025-11-14 14:00:00,2025-11-15 14:00:00
C0328,H0465,Financial Assistance,Moderate,In Progress,2025-11-14 15:00:00,2025-11-15 15:00:00
C0329,H0181,Financial Assistance,Minor,New,2025-11-14 16:00:00,2025-11-15 16:00:00
C0330,H0385,Housing Damage,Minor,In Progress,2025-11-14 17:00:00,2025-11-15 17:00:00
C0331,H0277,Medical Need,Moderate,Assigned,2025-11-14 18:00:00,2025-11-15 18:00:00
C0332,H0263,Financial Assistance,Minor,Assigned,2025-11-14 19:00:00,2025-11-15 19:00:00
C0333,H0117,Food Need,Moderate,New,2025-11-14 20:00:00,2025-11-15 20:00:00
C0334,H0096,Food Need,Moderate,New,2025-11-14 21:00:00,2025-11-15 21:00:00
C0335,H0397,Housing Damage,Minor,Assigned,2025-11-14 22:00:00,2025-11-15 22:00:00
C0336,H0418,Food Need,Severe,In Progress,2025-11-14 23:00:00,2025-11-15 23:00:00
C0337,H0357,Food Need,Minor,Assigned,2025-11-15 00:00:00,2025-11-16 00:00:00
C0338,H0331,Medical Need,Minor,Assigned,2025-11-15 01:00:00,2025-11-16 01:00:00
C0339,H0161,Food Need,Severe,In Progress,2025-11-15 02:00:00,2025-11-16 02:00:00
C0340,H0134,Housing Damage,Severe,Assigned,2025-11-15 03:00:00,2025-11-16 03:00:00
C0341,H0265,Financial Assistance,Minor,Assigned,2025-11-15 04:00:00,2025-11-16 04:00:00
C0342,H0021,Medical Need,Moderate,In Progress,2025-11-15 05:00:00,2025-11-16 05:00:00
C0343,H0279,Housing Damage,Severe,Assigned,2025-11-15 06:00:00,2025-11-16 06:00:00
C0344,H0231,Medical Need,Minor,New,2025-11-15 07:00:00,2025-11-16 07:00:00
C0345,H0090,Food Need,Severe,Assigned,2025-11-15 08:00:00,2025-11-16 08:00:00
C0346,H0287,Housing Damage,Moderate,In Progress,2025-11-15 09:00:00,2025-11-16 09:00:00
C0347,H0107,Medical Need,Minor,Assigned,2025-11-15 10:00:00,2025-11-16 10:00:00
C0348,H0446,Food Need,Minor,Assigned,2025-11-15 11:00:00,2025-11-16 11:00:00
C0349,H0397,Medical Need,Minor,Assigned,2025-11-15 12:00:00,2025-11-16 12:00:00
C0350,H0371,Housing Damage,Severe,In Progress,2025-11-15 13:00:00,2025-11-16 13:00:00
C0351,H0490,Financial Assistance,Moderate,Assigned,2025-11-15 14:00:00,2025-11-16 14:00:00
C0352,H0007,Food Need,Minor,Assigned,2025-11-15 15:00:00,2025-11-16 15:00:00
C0353,H0007,Housing Damage,Moderate,Assigned,2025-11-15 16:00:00,2025-11-16 16:00:00
C0354,H0349,Housing Damage,Severe,Assigned,2025-11-15 17:00:00,2025-11-16 17:00:00
C0355,H0098,Housing Damage,Moderate,In Progress,2025-11-15 18:00:00,2025-11-16 18:00:00
C0356,H0061,Housing Damage,Severe,Resolved,2025-11-15 19:00:00,2025-11-16 19:00:00
C0357,H0264,Medical Need,Minor,In Progress,2025-11-15 20:00:00,2025-11-16 20:00:00
C0358,H0415,Financial Assistance,Severe,Resolved,2025-11-15 21:00:00,2025-11-16 21:00:00
C0359,H0013,Financial Assistance,Severe,Resolved,2025-11-15 22:00:00,2025-11-16 22:00:00
C0360,H0463,Financial Assistance,Minor,Resolved,2025-11-15 23:00:00,2025-11-16 23:00:00
C0361,H0135,Food Need,Minor,New,2025-11-16 00:00:00,2025-11-17 00:00:00
C0362,H0359,Housing Damage,Severe,Assigned,2025-11-16 01:00:00,2025-11-17 01:00:00
C0363,H0033,Financial Assistance,Moderate,Resolved,2025-11-16 02:00:00,2025-11-17 02:00:00
C0364,H0309,Medical Need,Moderate,Assigned,2025-11-16 03:00:00,2025-11-17 03:00:00
C0365,H0199,Food Need,Severe,New,2025-11-16 04:00:00,2025-11-17 04:00:00
C0366,H0329,Food Need,Moderate,Assigned,2025-11-16 05:00:00,2025-11-17 05:00:00
C0367,H0024,Financial Assistance,Severe,In Progress,2025-11-16 06:00:00,2025-11-17 06:00:00
C0368,H0247,Financial Assistance,Moderate,In Progress,2025-11-16 07:00:00,2025-11-17 07:00:00
C0369,H0242,Food Need,Minor,New,2025-11-16 08:00:00,2025-11-17 08:00:00
C0370,H0246,Financial Assistance,Severe,Assigned,2025-11-16 09:00:00,2025-11-17 09:00:00
C0371,H0110,Food Need,Moderate,New,2025-11-16 10:00:00,2025-11-17 10:00:00
C0372,H0379,Food Need,Minor,New,2025-11-16 11:00:00,2025-11-17 11:00:00
C0373,H0218,Medical Need,Severe,Assigned,2025-11-16 12:00:00,2025-11-17 12:00:00
C0374,H0171,Medical Need,Minor,Resolved,2025-11-16 13:00:00,2025-11-17 13:00:00
C0375,H0372,Medical Need,Severe,Resolved,2025-11-16 14:00:00,2025-11-17 14:00:00
C0376,H0043,Medical Need,Severe,New,2025-11-16 15:00:00,2025-11-17 15:00:00
C0377,H0244,Financial Assistance,Severe,Resolved,2025-11-16 16:00:00,2025-11-17 16:00:00
C0378,H0059,Financial Assistance,Severe,Assigned,2025-11-16 17:00:00,2025-11-17 17:00:00
C0379,H0025,Food Need,Severe,Resolved,2025-11-16 18:00:00,2025-11-17 18:00:00
C0380,H0262,Medical Need,Moderate,Assigned,2025-11-16 19:00:00,2025-11-17 19:00:00
C0381,H0472,Financial Assistance,Severe,In Progress,2025-11-16 20:00:00,2025-11-17 20:00:00
C0382,H0017,Food Need,Severe,Assigned,2025-11-16 21:00:00,2025-11-17 21:00:00
C0383,H0127,Housing Damage,Minor,In Progress,2025-11-16 22:00:00,2025-11-17 22:00:00
C0384,H0436,Financial Assistance,Minor,In Progress,2025-11-16 23:00:00,2025-11-17 23:00:00
C0385,H0077,Housing Damage,Minor,Assigned,2025-11-17 00:00:00,2025-11-18 00:00:00
C0386,H0066,Food Need,Moderate,Assigned,2025-11-17 01:00:00,2025-11-18 01:00:00
C0387,H0274,Medical Need,Severe,Resolved,2025-11-17 02:00:00,2025-11-18 02:00:00
C0388,H0095,Food Need,Minor,New,2025-11-17 03:00:00,2025-11-18 03:00:00
C0389,H0217,Housing Damage,Severe,Resolved,2025-11-17 04:00:00,2025-11-18 04:00:00
C0390,H0465,Medical Need,Moderate,In Progress,2025-11-17 05:00:00,2025-11-18 05:00:00
C0391,H0316,Food Need,Minor,Resolved,2025-11-17 06:00:00,2025-11-18 06:00:00
C0392,H0188,Financial Assistance,Severe,New,2025-11-17 07:00:00,2025-11-18 07:00:00
C0393,H0330,Housing Damage,Severe,Assigned,2025-11-17 08:00:00,2025-11-18 08:00:00
C0394,H0118,Food Need,Severe,Assigned,2025-11-17 09:00:00,2025-11-18 09:00:00
C0395,H0395,Housing Damage,Moderate,New,2025-11-17 10:00:00,2025-11-18 10:00:00
C0396,H0095,Financial Assistance,Moderate,Assigned,2025-11-17 11:00:00,2025-11-18 11:00:00
C0397,H0029,Housing Damage,Moderate,Resolved,2025-11-17 12:00:00,2025-11-18 12:00:00
C0398,H0373,Medical Need,Minor,In Progress,2025-11-17 13:00:00,2025-11-18 13:00:00
C0399,H0444,Food Need,Minor,Assigned,2025-11-17 14:00:00,2025-11-18 14:00:00
C0400,H0257,Housing Damage,Moderate,Resolved,2025-11-17 15:00:00,2025-11-18 15:00:00
C0401,H0322,Medical Need,Minor,New,2025-11-17 16:00:00,2025-11-18 16:00:00
C0402,H0409,Housing Damage,Minor,New,2025-11-17 17:00:00,2025-11-18 17:00:00
C0403,H0079,Financial Assistance,Moderate,New,2025-11-17 18:00:00,2025-11-18 18:00:00
C0404,H0495,Medical Need,Minor,In Progress,2025-11-17 19:00:00,2025-11-18 19:00:00
C0405,H0058,Medical Need,Severe,In Progress,2025-11-17 20:00:00,2025-11-18 20:00:00
C0406,H0134,Financial Assistance,Minor,New,2025-11-17 21:00:00,2025-11-18 21:00:00
C0407,H0097,Financial Assistance,Severe,Assigned,2025-11-17 22:00:00,2025-11-18 22:00:00
C0408,H0055,Medical Need,Moderate,Assigned,2025-11-17 23:00:00,2025-11-18 23:00:00
C0409,H0329,Medical Need,Minor,New,2025-11-18 00:00:00,2025-11-19 00:00:00
C0410,H0195,Financial Assistance,Severe,In Progress,2025-11-18 01:00:00,2025-11-19 01:00:00
C0411,H0165,Financial Assistance,Moderate,Resolved,2025-11-18 02:00:00,2025-11-19 02:00:00
C0412,H0343,Food Need,Severe,New,2025-11-18 03:00:00,2025-11-19 03:00:00
C0413,H0019,Financial Assistance,Severe,New,2025-11-18 04:00:00,2025-11-19 04:00:00
C0414,H0261,Medical Need,Moderate,New,2025-11-18 05:00:00,2025-11-19 05:00:00
C0415,H0151,Medical Need,Minor,In Progress,2025-11-18 06:00:00,2025-11-19 06:00:00
C0416,H0283,Medical Need,Minor,Resolved,2025-11-18 07:00:00,2025-11-19 07:00:00
C0417,H0326,Financial Assistance,Moderate,New,2025-11-18 08:00:00,2025-11-19 08:00:00
C0418,H0298,Medical Need,Severe,In Progress,2025-11-18 09:00:00,2025-11-19 09:00:00
C0419,H0291,Food Need,Severe,New,2025-11-18 10:00:00,2025-11-19 10:00:00
C0420,H0497,Food Need,Minor,Assigned,2025-11-18 11:00:00,2025-11-19 11:00:00
C0421,H0044,Medical Need,Minor,Assigned,2025-11-18 12:00:00,2025-11-19 12:00:00
C0422,H0103,Medical Need,Severe,New,2025-11-18 13:00:00,2025-11-19 13:00:00
C0423,H0198,Housing Damage,Moderate,Assigned,2025-11-18 14:00:00,2025-11-19 14:00:00
C0424,H0493,Housing Damage,Moderate,In Progress,2025-11-18 15:00:00,2025-11-19 15:00:00
C0425,H0293,Housing Damage,Moderate,New,2025-11-18 16:00:00,2025-11-19 16:00:00
C0426,H0212,Financial Assistance,Moderate,Assigned,2025-11-18 17:00:00,2025-11-19 17:00:00
C0427,H0160,Housing Damage,Severe,In Progress,2025-11-18 18:00:00,2025-11-19 18:00:00
C0428,H0333,Medical Need,Severe,New,2025-11-18 19:00:00,2025-11-19 19:00:00
C0429,H0222,Housing Damage,Minor,Assigned,2025-11-18 20:00:00,2025-11-19 20:00:00
C0430,H0339,Financial Assistance,Minor,Assigned,2025-11-18 21:00:00,2025-11-19 21:00:00
C0431,H0171,Food Need,Severe,Resolved,2025-11-18 22:00:00,2025-11-19 22:00:00
C0432,H0067,Financial Assistance,Minor,In Progress,2025-11-18 23:00:00,2025-11-19 23:00:00
C0433,H0365,Housing Damage,Minor,New,2025-11-19 00:00:00,2025-11-20 00:00:00
C0434,H0195,Food Need,Moderate,In Progress,2025-11-19 01:00:00,2025-11-20 01:00:00
C0435,H0354,Financial Assistance,Severe,New,2025-11-19 02:00:00,2025-11-20 02:00:00
C0436,H0315,Food Need,Severe,In Progress,2025-11-19 03:00:00,2025-11-20 03:00:00
C0437,H0404,Housing Damage,Moderate,Assigned,2025-11-19 04:00:00,2025-11-20 04:00:00
C0438,H0121,Housing Damage,Severe,Resolved,2025-11-19 05:00:00,2025-11-20 05:00:00
C0439,H0037,Food Need,Moderate,In Progress,2025-11-19 06:00:00,2025-11-20 06:00:00
C0440,H0135,Financial Assistance,Moderate,Assigned,2025-11-19 07:00:00,2025-11-20 07:00:00
C0441,H0306,Food Need,Severe,New,2025-11-19 08:00:00,2025-11-20 08:00:00
C0442,H0268,Housing Damage,Moderate,Assigned,2025-11-19 09:00:00,2025-11-20 09:00:00
C0443,H0360,Housing Damage,Moderate,New,2025-11-19 10:00:00,2025-11-20 10:00:00
C0444,H0080,Food Need,Moderate,New,2025-11-19 11:00:00,2025-11-20 11:00:00
C0445,H0115,Housing Damage,Moderate,New,2025-11-19 12:00:00,2025-11-20 12:00:00
C0446,H0446,Housing Damage,Minor,Resolved,2025-11-19 13:00:00,2025-11-20 13:00:00
C0447,H0378,Financial Assistance,Moderate,New,2025-11-19 14:00:00,2025-11-20 14:00:00
C0448,H0468,Financial Assistance,Moderate,Resolved,2025-11-19 15:00:00,2025-11-20 15:00:00
C0449,H0379,Housing Damage,Minor,In Progress,2025-11-19 16:00:00,2025-11-20 16:00:00
C0450,H0324,Medical Need,Moderate,New,2025-11-19 17:00:00,2025-11-20 17:00:00
C0451,H0150,Housing Damage,Severe,New,2025-11-19 18:00:00,2025-11-20 18:00:00
C0452,H0054,Financial Assistance,Minor,Resolved,2025-11-19 19:00:00,2025-11-20 19:00:00
C0453,H0195,Food Need,Minor,New,2025-11-19 20:00:00,2025-11-20 20:00:00
C0454,H0126,Medical Need,Minor,New,2025-11-19 21:00:00,2025-11-20 21:00:00
C0455,H0255,Medical Need,Minor,In Progress,2025-11-19 22:00:00,2025-11-20 22:00:00
C0456,H0346,Financial Assistance,Minor,New,2025-11-19 23:00:00,2025-11-20 23:00:00
C0457,H0268,Medical Need,Moderate,New,2025-11-20 00:00:00,2025-11-21 00:00:00
C0458,H0331,Medical Need,Minor,Assigned,2025-11-20 01:00:00,2025-11-21 01:00:00
C0459,H0205,Medical Need,Severe,New,2025-11-20 02:00:00,2025-11-21 02:00:00
C0460,H0184,Food Need,Minor,In Progress,2025-11-20 03:00:00,2025-11-21 03:00:00
C0461,H0120,Medical Need,Minor,In Progress,2025-11-20 04:00:00,2025-11-21 04:00:00
C0462,H0107,Housing Damage,Minor,Resolved,2025-11-20 05:00:00,2025-11-21 05:00:00
C0463,H0083,Food Need,Minor,New,2025-11-20 06:00:00,2025-11-21 06:00:00
C0464,H0080,Medical Need,Severe,In Progress,2025-11-20 07:00:00,2025-11-21 07:00:00
C0465,H0329,Food Need,Minor,Assigned,2025-11-20 08:00:00,2025-11-21 08:00:00
C0466,H0130,Financial Assistance,Moderate,Resolved,2025-11-20 09:00:00,2025-11-21 09:00:00
C0467,H0484,Financial Assistance,Moderate,Resolved,2025-11-20 10:00:00,2025-11-21 10:00:00
C0468,H0156,Housing Damage,Severe,New,2025-11-20 11:00:00,2025-11-21 11:00:00
C0469,H0451,Food Need,Minor,New,2025-11-20 12:00:00,2025-11-21 12:00:00
C0470,H0197,Housing Damage,Minor,Resolved,2025-11-20 13:00:00,2025-11-21 13:00:00
C0471,H0372,Medical Need,Severe,In Progress,2025-11-20 14:00:00,2025-11-21 14:00:00
C0472,H0303,Food Need,Moderate,In Progress,2025-11-20 15:00:00,2025-11-21 15:00:00
C0473,H0330,Medical Need,Severe,Resolved,2025-11-20 16:00:00,2025-11-21 16:00:00
C0474,H0302,Housing Damage,Minor,Assigned,2025-11-20 17:00:00,2025-11-21 17:00:00
C0475,H0080,Financial Assistance,Severe,In Progress,2025-11-20 18:00:00,2025-11-21 18:00:00
C0476,H0188,Financial Assistance,Minor,Assigned,2025-11-20 19:00:00,2025-11-21 19:00:00
C0477,H0368,Housing Damage,Severe,Resolved,2025-11-20 20:00:00,2025-11-21 20:00:00
C0478,H0042,Food Need,Minor,Assigned,2025-11-20 21:00:00,2025-11-21 21:00:00
C0479,H0306,Medical Need,Severe,Resolved,2025-11-20 22:00:00,2025-11-21 22:00:00
C0480,H0234,Housing Damage,Moderate,Resolved,2025-11-20 23:00:00,2025-11-21 23:00:00
C0481,H0050,Food Need,Minor,Assigned,2025-11-21 00:00:00,2025-11-22 00:00:00
C0482,H0345,Food Need,Minor,Assigned,2025-11-21 01:00:00,2025-11-22 01:00:00
C0483,H0007,Financial Assistance,Minor,New,2025-11-21 02:00:00,2025-11-22 02:00:00
C0484,H0377,Housing Damage,Moderate,Resolved,2025-11-21 03:00:00,2025-11-22 03:00:00
C0485,H0233,Food Need,Severe,In Progress,2025-11-21 04:00:00,2025-11-22 04:00:00
C0486,H0416,Financial Assistance,Moderate,New,2025-11-21 05:00:00,2025-11-22 05:00:00
C0487,H0168,Medical Need,Moderate,New,2025-11-21 06:00:00,2025-11-22 06:00:00
C0488,H0480,Financial Assistance,Severe,New,2025-11-21 07:00:00,2025-11-22 07:00:00
C0489,H0232,Financial Assistance,Severe,Assigned,2025-11-21 08:00:00,2025-11-22 08:00:00
C0490,H0206,Financial Assistance,Minor,Assigned,2025-11-21 09:00:00,2025-11-22 09:00:00
C0491,H0073,Medical Need,Severe,Assigned,2025-11-21 10:00:00,2025-11-22 10:00:00
C0492,H0089,Food Need,Minor,In Progress,2025-11-21 11:00:00,2025-11-22 11:00:00
C0493,H0053,Housing Damage,Severe,In Progress,2025-11-21 12:00:00,2025-11-22 12:00:00
C0494,H0021,Food Need,Moderate,In Progress,2025-11-21 13:00:00,2025-11-22 13:00:00
C0495,H0151,Housing Damage,Severe,In Progress,2025-11-21 14:00:00,2025-11-22 14:00:00
C0496,H0079,Financial Assistance,Minor,New,2025-11-21 15:00:00,2025-11-22 15:00:00
C0497,H0166,Financial Assistance,Moderate,New,2025-11-21 16:00:00,2025-11-22 16:00:00
C0498,H0081,Financial Assistance,Minor,Assigned,2025-11-21 17:00:00,2025-11-22 17:00:00
C0499,H0350,Medical Need,Minor,In Progress,2025-11-21 18:00:00,2025-11-22 18:00:00
C0500,H0326,Food Need,Moderate,New,2025-11-21 19:00:00,2025-11-22 19:00:00
C0501,H0386,Medical Need,Moderate,Resolved,2025-11-21 20:00:00,2025-11-22 20:00:00
C0502,H0480,Financial Assistance,Minor,Assigned,2025-11-21 21:00:00,2025-11-22 21:00:00
C0503,H0403,Financial Assistance,Minor,In Progress,2025-11-21 22:00:00,2025-11-22 22:00:00
C0504,H0015,Medical Need,Severe,Assigned,2025-11-21 23:00:00,2025-11-22 23:00:00
C0505,H0268,Medical Need,Moderate,Resolved,2025-11-22 00:00:00,2025-11-23 00:00:00
C0506,H0257,Housing Damage,Severe,Assigned,2025-11-22 01:00:00,2025-11-23 01:00:00
C0507,H0203,Medical Need,Moderate,Resolved,2025-11-22 02:00:00,2025-11-23 02:00:00
C0508,H0314,Housing Damage,Moderate,In Progress,2025-11-22 03:00:00,2025-11-23 03:00:00
C0509,H0073,Food Need,Severe,In Progress,2025-11-22 04:00:00,2025-11-23 04:00:00
C0510,H0362,Financial Assistance,Severe,New,2025-11-22 05:00:00,2025-11-23 05:00:00
C0511,H0104,Housing Damage,Severe,In Progress,2025-11-22 06:00:00,2025-11-23 06:00:00
C0512,H0062,Medical Need,Moderate,New,2025-11-22 07:00:00,2025-11-23 07:00:00
C0513,H0257,Financial Assistance,Minor,Resolved,2025-11-22 08:00:00,2025-11-23 08:00:00
C0514,H0340,Financial Assistance,Minor,New,2025-11-22 09:00:00,2025-11-23 09:00:00
C0515,H0133,Medical Need,Moderate,Resolved,2025-11-22 10:00:00,2025-11-23 10:00:00
C0516,H0237,Food Need,Moderate,Assigned,2025-11-22 11:00:00,2025-11-23 11:00:00
C0517,H0226,Financial Assistance,Minor,Assigned,2025-11-22 12:00:00,2025-11-23 12:00:00
C0518,H0268,Food Need,Minor,New,2025-11-22 13:00:00,2025-11-23 13:00:00
C0519,H0395,Food Need,Severe,Resolved,2025-11-22 14:00:00,2025-11-23 14:00:00
C0520,H0305,Housing Damage,Severe,Resolved,2025-11-22 15:00:00,2025-11-23 15:00:00
C0521,H0031,Housing Damage,Minor,In Progress,2025-11-22 16:00:00,2025-11-23 16:00:00
C0522,H0225,Medical Need,Moderate,In Progress,2025-11-22 17:00:00,2025-11-23 17:00:00
C0523,H0405,Food Need,Minor,In Progress,2025-11-22 18:00:00,2025-11-23 18:00:00
C0524,H0301,Food Need,Minor,Assigned,2025-11-22 19:00:00,2025-11-23 19:00:00
C0525,H0404,Financial Assistance,Moderate,In Progress,2025-11-22 20:00:00,2025-11-23 20:00:00
C0526,H0188,Food Need,Moderate,In Progress,2025-11-22 21:00:00,2025-11-23 21:00:00
C0527,H0358,Housing Damage,Moderate,In Progress,2025-11-22 22:00:00,2025-11-23 22:00:00
C0528,H0392,Housing Damage,Severe,In Progress,2025-11-22 23:00:00,2025-11-23 23:00:00
C0529,H0240,Food Need,Severe,Resolved,2025-11-23 00:00:00,2025-11-24 00:00:00
C0530,H0389,Financial Assistance,Moderate,New,2025-11-23 01:00:00,2025-11-24 01:00:00
C0531,H0360,Housing Damage,Moderate,Assigned,2025-11-23 02:00:00,2025-11-24 02:00:00
C0532,H0312,Housing Damage,Minor,Assigned,2025-11-23 03:00:00,2025-11-24 03:00:00
C0533,H0144,Food Need,Severe,Assigned,2025-11-23 04:00:00,2025-11-24 04:00:00
C0534,H0030,Medical Need,Minor,Resolved,2025-11-23 05:00:00,2025-11-24 05:00:00
C0535,H0316,Housing Damage,Minor,New,2025-11-23 06:00:00,2025-11-24 06:00:00
C0536,H0403,Medical Need,Moderate,New,2025-11-23 07:00:00,2025-11-24 07:00:00
C0537,H0479,Financial Assistance,Severe,In Progress,2025-11-23 08:00:00,2025-11-24 08:00:00
C0538,H0350,Food Need,Severe,New,2025-11-23 09:00:00,2025-11-24 09:00:00
C0539,H0305,Housing Damage,Severe,Assigned,2025-11-23 10:00:00,2025-11-24 10:00:00
C0540,H0393,Financial Assistance,Minor,New,2025-11-23 11:00:00,2025-11-24 11:00:00
C0541,H0399,Financial Assistance,Minor,Resolved,2025-11-23 12:00:00,2025-11-24 12:00:00
C0542,H0029,Medical Need,Minor,Resolved,2025-11-23 13:00:00,2025-11-24 13:00:00
C0543,H0265,Food Need,Moderate,Resolved,2025-11-23 14:00:00,2025-11-24 14:00:00
C0544,H0309,Food Need,Moderate,Resolved,2025-11-23 15:00:00,2025-11-24 15:00:00
C0545,H0028,Medical Need,Moderate,Assigned,2025-11-23 16:00:00,2025-11-24 16:00:00
C0546,H0289,Housing Damage,Severe,In Progress,2025-11-23 17:00:00,2025-11-24 17:00:00
C0547,H0006,Financial Assistance,Minor,New,2025-11-23 18:00:00,2025-11-24 18:00:00
C0548,H0190,Housing Damage,Moderate,New,2025-11-23 19:00:00,2025-11-24 19:00:00
C0549,H0205,Food Need,Severe,Resolved,2025-11-23 20:00:00,2025-11-24 20:00:00
C0550,H0352,Food Need,Minor,New,2025-11-23 21:00:00,2025-11-24 21:00:00
C0551,H0182,Medical Need,Moderate,In Progress,2025-11-23 22:00:00,2025-11-24 22:00:00
C0552,H0065,Medical Need,Minor,Resolved,2025-11-23 23:00:00,2025-11-24 23:00:00
C0553,H0242,Food Need,Moderate,Resolved,2025-11-24 00:00:00,2025-11-25 00:00:00
C0554,H0043,Financial Assistance,Moderate,Assigned,2025-11-24 01:00:00,2025-11-25 01:00:00
C0555,H0013,Food Need,Severe,Assigned,2025-11-24 02:00:00,2025-11-25 02:00:00
C0556,H0377,Food Need,Minor,Resolved,2025-11-24 03:00:00,2025-11-25 03:00:00
C0557,H0076,Financial Assistance,Severe,In Progress,2025-11-24 04:00:00,2025-11-25 04:00:00
C0558,H0329,Medical Need,Minor,Assigned,2025-11-24 05:00:00,2025-11-25 05:00:00
C0559,H0315,Food Need,Moderate,New,2025-11-24 06:00:00,2025-11-25 06:00:00
C0560,H0189,Food Need,Moderate,Resolved,2025-11-24 07:00:00,2025-11-25 07:00:00
C0561,H0087,Food Need,Minor,In Progress,2025-11-24 08:00:00,2025-11-25 08:00:00
C0562,H0300,Medical Need,Minor,Resolved,2025-11-24 09:00:00,2025-11-25 09:00:00
C0563,H0059,Financial Assistance,Minor,In Progress,2025-11-24 10:00:00,2025-11-25 10:00:00
C0564,H0218,Food Need,Severe,Assigned,2025-11-24 11:00:00,2025-11-25 11:00:00
C0565,H0178,Financial Assistance,Minor,Assigned,2025-11-24 12:00:00,2025-11-25 12:00:00
C0566,H0497,Housing Damage,Severe,New,2025-11-24 13:00:00,2025-11-25 13:00:00
C0567,H0424,Housing Damage,Moderate,New,2025-11-24 14:00:00,2025-11-25 14:00:00
C0568,H0358,Medical Need,Moderate,Resolved,2025-11-24 15:00:00,2025-11-25 15:00:00
C0569,H0157,Medical Need,Minor,Assigned,2025-11-24 16:00:00,2025-11-25 16:00:00
C0570,H0146,Food Need,Minor,New,2025-11-24 17:00:00,2025-11-25 17:00:00
C0571,H0397,Housing Damage,Severe,Resolved,2025-11-24 18:00:00,2025-11-25 18:00:00
C0572,H0440,Housing Damage,Minor,Resolved,2025-11-24 19:00:00,2025-11-25 19:00:00
C0573,H0429,Housing Damage,Minor,Assigned,2025-11-24 20:00:00,2025-11-25 20:00:00
C0574,H0136,Housing Damage,Minor,In Progress,2025-11-24 21:00:00,2025-11-25 21:00:00
C0575,H0364,Financial Assistance,Moderate,New,2025-11-24 22:00:00,2025-11-25 22:00:00
C0576,H0077,Food Need,Minor,New,2025-11-24 23:00:00,2025-11-25 23:00:00
C0577,H0021,Medical Need,Severe,Resolved,2025-11-25 00:00:00,2025-11-26 00:00:00
C0578,H0316,Housing Damage,Minor,New,2025-11-25 01:00:00,2025-11-26 01:00:00
C0579,H0325,Housing Damage,Minor,In Progress,2025-11-25 02:00:00,2025-11-26 02:00:00
C0580,H0025,Housing Damage,Severe,New,2025-11-25 03:00:00,2025-11-26 03:00:00
C0581,H0480,Medical Need,Moderate,Resolved,2025-11-25 04:00:00,2025-11-26 04:00:00
C0582,H0449,Financial Assistance,Moderate,Assigned,2025-11-25 05:00:00,2025-11-26 05:00:00
C0583,H0360,Housing Damage,Minor,Assigned,2025-11-25 06:00:00,2025-11-26 06:00:00
C0584,H0075,Medical Need,Moderate,Assigned,2025-11-25 07:00:00,2025-11-26 07:00:00
C0585,H0486,Financial Assistance,Severe,Resolved,2025-11-25 08:00:00,2025-11-26 08:00:00
C0586,H0181,Housing Damage,Minor,In Progress,2025-11-25 09:00:00,2025-11-26 09:00:00
C0587,H0166,Medical Need,Minor,New,2025-11-25 10:00:00,2025-11-26 10:00:00
C0588,H0296,Financial Assistance,Moderate,New,2025-11-25 11:00:00,2025-11-26 11:00:00
C0589,H0446,Financial Assistance,Moderate,New,2025-11-25 12:00:00,2025-11-26 12:00:00
C0590,H0474,Food Need,Moderate,New,2025-11-25 13:00:00,2025-11-26 13:00:00
C0591,H0083,Medical Need,Minor,New,2025-11-25 14:00:00,2025-11-26 14:00:00
C0592,H0117,Medical Need,Moderate,Resolved,2025-11-25 15:00:00,2025-11-26 15:00:00
C0593,H0440,Food Need,Minor,In Progress,2025-11-25 16:00:00,2025-11-26 16:00:00
C0594,H0126,Food Need,Moderate,New,2025-11-25 17:00:00,2025-11-26 17:00:00
C0595,H0273,Housing Damage,Moderate,Resolved,2025-11-25 18:00:00,2025-11-26 18:00:00
C0596,H0167,Food Need,Minor,Resolved,2025-11-25 19:00:00,2025-11-26 19:00:00
C0597,H0380,Housing Damage,Minor,Resolved,2025-11-25 20:00:00,2025-11-26 20:00:00
C0598,H0039,Food Need,Moderate,Resolved,2025-11-25 21:00:00,2025-11-26 21:00:00
C0599,H0397,Food Need,Severe,In Progress,2025-11-25 22:00:00,2025-11-26 22:00:00
C0600,H0322,Food Need,Severe,Assigned,2025-11-25 23:00:00,2025-11-26 23:00:00
C0601,H0411,Housing Damage,Moderate,New,2025-11-26 00:00:00,2025-11-27 00:00:00
C0602,H0490,Food Need,Severe,Resolved,2025-11-26 01:00:00,2025-11-27 01:00:00
C0603,H0042,Housing Damage,Severe,In Progress,2025-11-26 02:00:00,2025-11-27 02:00:00
C0604,H0393,Food Need,Moderate,Assigned,2025-11-26 03:00:00,2025-11-27 03:00:00
C0605,H0284,Financial Assistance,Minor,In Progress,2025-11-26 04:00:00,2025-11-27 04:00:00
C0606,H0358,Medical Need,Minor,In Progress,2025-11-26 05:00:00,2025-11-27 05:00:00
C0607,H0487,Financial Assistance,Severe,Assigned,2025-11-26 06:00:00,2025-11-27 06:00:00
C0608,H0280,Financial Assistance,Minor,In Progress,2025-11-26 07:00:00,2025-11-27 07:00:00
C0609,H0143,Food Need,Moderate,In Progress,2025-11-26 08:00:00,2025-11-27 08:00:00
C0610,H0121,Housing Damage,Severe,Assigned,2025-11-26 09:00:00,2025-11-27 09:00:00
C0611,H0499,Housing Damage,Minor,Assigned,2025-11-26 10:00:00,2025-11-27 10:00:00
C0612,H0491,Food Need,Severe,New,2025-11-26 11:00:00,2025-11-27 11:00:00
C0613,H0428,Financial Assistance,Severe,Resolved,2025-11-26 12:00:00,2025-11-27 12:00:00
C0614,H0406,Medical Need,Severe,In Progress,2025-11-26 13:00:00,2025-11-27 13:00:00
C0615,H0027,Housing Damage,Moderate,New,2025-11-26 14:00:00,2025-11-27 14:00:00
C0616,H0460,Food Need,Severe,Resolved,2025-11-26 15:00:00,2025-11-27 15:00:00
C0617,H0224,Housing Damage,Moderate,Assigned,2025-11-26 16:00:00,2025-11-27 16:00:00
C0618,H0259,Food Need,Moderate,Resolved,2025-11-26 17:00:00,2025-11-27 17:00:00
C0619,H0114,Financial Assistance,Severe,Resolved,2025-11-26 18:00:00,2025-11-27 18:00:00
C0620,H0427,Food Need,Severe,New,2025-11-26 19:00:00,2025-11-27 19:00:00
C0621,H0133,Financial Assistance,Moderate,Assigned,2025-11-26 20:00:00,2025-11-27 20:00:00
C0622,H0033,Housing Damage,Moderate,Assigned,2025-11-26 21:00:00,2025-11-27 21:00:00
C0623,H0202,Medical Need,Minor,Resolved,2025-11-26 22:00:00,2025-11-27 22:00:00
C0624,H0363,Food Need,Minor,In Progress,2025-11-26 23:00:00,2025-11-27 23:00:00
C0625,H0255,Medical Need,Severe,New,2025-11-27 00:00:00,2025-11-28 00:00:00
C0626,H0200,Food Need,Severe,Assigned,2025-11-27 01:00:00,2025-11-28 01:00:00
C0627,H0338,Medical Need,Moderate,New,2025-11-27 02:00:00,2025-11-28 02:00:00
C0628,H0205,Housing Damage,Minor,Resolved,2025-11-27 03:00:00,2025-11-28 03:00:00
C0629,H0297,Food Need,Moderate,Resolved,2025-11-27 04:00:00,2025-11-28 04:00:00
C0630,H0064,Medical Need,Minor,Resolved,2025-11-27 05:00:00,2025-11-28 05:00:00
C0631,H0112,Financial Assistance,Minor,New,2025-11-27 06:00:00,2025-11-28 06:00:00
C0632,H0430,Financial Assistance,Severe,Resolved,2025-11-27 07:00:00,2025-11-28 07:00:00
C0633,H0205,Financial Assistance,Moderate,In Progress,2025-11-27 08:00:00,2025-11-28 08:00:00
C0634,H0013,Financial Assistance,Severe,New,2025-11-27 09:00:00,2025-11-28 09:00:00
C0635,H0121,Food Need,Moderate,In Progress,2025-11-27 10:00:00,2025-11-28 10:00:00
C0636,H0403,Housing Damage,Minor,Resolved,2025-11-27 11:00:00,2025-11-28 11:00:00
C0637,H0406,Financial Assistance,Minor,In Progress,2025-11-27 12:00:00,2025-11-28 12:00:00
C0638,H0144,Medical Need,Minor,Resolved,2025-11-27 13:00:00,2025-11-28 13:00:00
C0639,H0492,Medical Need,Moderate,In Progress,2025-11-27 14:00:00,2025-11-28 14:00:00
C0640,H0047,Medical Need,Severe,Resolved,2025-11-27 15:00:00,2025-11-28 15:00:00
C0641,H0342,Financial Assistance,Minor,Assigned,2025-11-27 16:00:00,2025-11-28 16:00:00
C0642,H0294,Financial Assistance,Severe,Resolved,2025-11-27 17:00:00,2025-11-28 17:00:00
C0643,H0460,Housing Damage,Moderate,In Progress,2025-11-27 18:00:00,2025-11-28 18:00:00
C0644,H0460,Food Need,Moderate,In Progress,2025-11-27 19:00:00,2025-11-28 19:00:00
C0645,H0412,Food Need,Moderate,Resolved,2025-11-27 20:00:00,2025-11-28 20:00:00
C0646,H0294,Medical Need,Severe,Assigned,2025-11-27 21:00:00,2025-11-28 21:00:00
C0647,H0231,Housing Damage,Minor,In Progress,2025-11-27 22:00:00,2025-11-28 22:00:00
C0648,H0199,Medical Need,Severe,New,2025-11-27 23:00:00,2025-11-28 23:00:00
C0649,H0266,Food Need,Severe,New,2025-11-28 00:00:00,2025-11-29 00:00:00
C0650,H0164,Medical Need,Moderate,Resolved,2025-11-28 01:00:00,2025-11-29 01:00:00
C0651,H0122,Food Need,Moderate,New,2025-11-28 02:00:00,2025-11-29 02:00:00
C0652,H0244,Medical Need,Severe,In Progress,2025-11-28 03:00:00,2025-11-29 03:00:00
C0653,H0013,Financial Assistance,Minor,Resolved,2025-11-28 04:00:00,2025-11-29 04:00:00
C0654,H0306,Financial Assistance,Minor,New,2025-11-28 05:00:00,2025-11-29 05:00:00
C0655,H0403,Housing Damage,Severe,In Progress,2025-11-28 06:00:00,2025-11-29 06:00:00
C0656,H0491,Medical Need,Severe,Assigned,2025-11-28 07:00:00,2025-11-29 07:00:00
C0657,H0246,Housing Damage,Severe,Resolved,2025-11-28 08:00:00,2025-11-29 08:00:00
C0658,H0023,Housing Damage,Minor,Assigned,2025-11-28 09:00:00,2025-11-29 09:00:00
C0659,H0402,Medical Need,Severe,New,2025-11-28 10:00:00,2025-11-29 10:00:00
C0660,H0200,Housing Damage,Severe,New,2025-11-28 11:00:00,2025-11-29 11:00:00
C0661,H0017,Housing Damage,Moderate,Resolved,2025-11-28 12:00:00,2025-11-29 12:00:00
C0662,H0394,Housing Damage,Severe,Assigned,2025-11-28 13:00:00,2025-11-29 13:00:00
C0663,H0098,Food Need,Moderate,Assigned,2025-11-28 14:00:00,2025-11-29 14:00:00
C0664,H0495,Food Need,Minor,Resolved,2025-11-28 15:00:00,2025-11-29 15:00:00
C0665,H0009,Medical Need,Moderate,Resolved,2025-11-28 16:00:00,2025-11-29 16:00:00
C0666,H0477,Food Need,Severe,New,2025-11-28 17:00:00,2025-11-29 17:00:00
C0667,H0315,Food Need,Minor,New,2025-11-28 18:00:00,2025-11-29 18:00:00
C0668,H0059,Housing Damage,Moderate,Resolved,2025-11-28 19:00:00,2025-11-29 19:00:00
C0669,H0414,Food Need,Minor,Resolved,2025-11-28 20:00:00,2025-11-29 20:00:00
C0670,H0113,Financial Assistance,Moderate,In Progress,2025-11-28 21:00:00,2025-11-29 21:00:00
C0671,H0423,Housing Damage,Moderate,In Progress,2025-11-28 22:00:00,2025-11-29 22:00:00
C0672,H0407,Food Need,Minor,Assigned,2025-11-28 23:00:00,2025-11-29 23:00:00
C0673,H0101,Medical Need,Moderate,Assigned,2025-11-29 00:00:00,2025-11-30 00:00:00
C0674,H0439,Medical Need,Severe,In Progress,2025-11-29 01:00:00,2025-11-30 01:00:00
C0675,H0306,Housing Damage,Severe,New,2025-11-29 02:00:00,2025-11-30 02:00:00
C0676,H0089,Financial Assistance,Minor,Assigned,2025-11-29 03:00:00,2025-11-30 03:00:00
C0677,H0172,Financial Assistance,Moderate,New,2025-11-29 04:00:00,2025-11-30 04:00:00
C0678,H0285,Financial Assistance,Minor,New,2025-11-29 05:00:00,2025-11-30 05:00:00
C0679,H0289,Food Need,Severe,Resolved,2025-11-29 06:00:00,2025-11-30 06:00:00
C0680,H0179,Housing Damage,Moderate,Assigned,2025-11-29 07:00:00,2025-11-30 07:00:00
C0681,H0226,Financial Assistance,Moderate,New,2025-11-29 08:00:00,2025-11-30 08:00:00
C0682,H0120,Medical Need,Minor,Assigned,2025-11-29 09:00:00,2025-11-30 09:00:00
C0683,H0115,Housing Damage,Minor,Resolved,2025-11-29 10:00:00,2025-11-30 10:00:00
C0684,H0016,Housing Damage,Moderate,Resolved,2025-11-29 11:00:00,2025-11-30 11:00:00
C0685,H0276,Housing Damage,Severe,Resolved,2025-11-29 12:00:00,2025-11-30 12:00:00
C0686,H0319,Food Need,Minor,Resolved,2025-11-29 13:00:00,2025-11-30 13:00:00
C0687,H0439,Food Need,Minor,In Progress,2025-11-29 14:00:00,2025-11-30 14:00:00
C0688,H0349,Housing Damage,Moderate,Assigned,2025-11-29 15:00:00,2025-11-30 15:00:00
C0689,H0061,Food Need,Moderate,Resolved,2025-11-29 16:00:00,2025-11-30 16:00:00
C0690,H0296,Financial Assistance,Minor,Assigned,2025-11-29 17:00:00,2025-11-30 17:00:00
C0691,H0031,Financial Assistance,Minor,Resolved,2025-11-29 18:00:00,2025-11-30 18:00:00
C0692,H0466,Housing Damage,Minor,New,2025-11-29 19:00:00,2025-11-30 19:00:00
C0693,H0082,Financial Assistance,Severe,In Progress,2025-11-29 20:00:00,2025-11-30 20:00:00
C0694,H0329,Medical Need,Minor,Resolved,2025-11-29 21:00:00,2025-11-30 21:00:00
C0695,H0019,Food Need,Minor,In Progress,2025-11-29 22:00:00,2025-11-30 22:00:00
C0696,H0193,Medical Need,Minor,Assigned,2025-11-29 23:00:00,2025-11-30 23:00:00
C0697,H0006,Medical Need,Moderate,New,2025-11-30 00:00:00,2025-12-01 00:00:00
C0698,H0433,Food Need,Severe,Resolved,2025-11-30 01:00:00,2025-12-01 01:00:00
C0699,H0437,Financial Assistance,Moderate,Resolved,2025-11-30 02:00:00,2025-12-01 02:00:00
C0700,H0423,Food Need,Severe,New,2025-11-30 03:00:00,2025-12-01 03:00:00
C0701,H0456,Food Need,Minor,Assigned,2025-11-30 04:00:00,2025-12-01 04:00:00
C0702,H0473,Food Need,Severe,Assigned,2025-11-30 05:00:00,2025-12-01 05:00:00
C0703,H0302,Medical Need,Moderate,Resolved,2025-11-30 06:00:00,2025-12-01 06:00:00
C0704,H0318,Financial Assistance,Severe,Assigned,2025-11-30 07:00:00,2025-12-01 07:00:00
C0705,H0475,Housing Damage,Minor,New,2025-11-30 08:00:00,2025-12-01 08:00:00
C0706,H0226,Housing Damage,Severe,Resolved,2025-11-30 09:00:00,2025-12-01 09:00:00
C0707,H0163,Food Need,Moderate,New,2025-11-30 10:00:00,2025-12-01 10:00:00
C0708,H0412,Medical Need,Minor,Resolved,2025-11-30 11:00:00,2025-12-01 11:00:00
C0709,H0422,Financial Assistance,Minor,Resolved,2025-11-30 12:00:00,2025-12-01 12:00:00
C0710,H0228,Food Need,Severe,Assigned,2025-11-30 13:00:00,2025-12-01 13:00:00
C0711,H0207,Housing Damage,Severe,Assigned,2025-11-30 14:00:00,2025-12-01 14:00:00
C0712,H0073,Financial Assistance,Severe,Resolved,2025-11-30 15:00:00,2025-12-01 15:00:00
C0713,H0191,Food Need,Moderate,New,2025-11-30 16:00:00,2025-12-01 16:00:00
C0714,H0480,Housing Damage,Moderate,In Progress,2025-11-30 17:00:00,2025-12-01 17:00:00
C0715,H0283,Housing Damage,Severe,Assigned,2025-11-30 18:00:00,2025-12-01 18:00:00
C0716,H0359,Financial Assistance,Minor,New,2025-11-30 19:00:00,2025-12-01 19:00:00
C0717,H0390,Medical Need,Minor,New,2025-11-30 20:00:00,2025-12-01 20:00:00
C0718,H0428,Food Need,Moderate,New,2025-11-30 21:00:00,2025-12-01 21:00:00
C0719,H0423,Financial Assistance,Severe,New,2025-11-30 22:00:00,2025-12-01 22:00:00
C0720,H0245,Food Need,Moderate,New,2025-11-30 23:00:00,2025-12-01 23:00:00
C0721,H0010,Medical Need,Moderate,Assigned,2025-12-01 00:00:00,2025-12-02 00:00:00
C0722,H0176,Medical Need,Minor,Resolved,2025-12-01 01:00:00,2025-12-02 01:00:00
C0723,H0477,Housing Damage,Severe,In Progress,2025-12-01 02:00:00,2025-12-02 02:00:00
C0724,H0079,Financial Assistance,Severe,In Progress,2025-12-01 03:00:00,2025-12-02 03:00:00
C0725,H0414,Food Need,Moderate,In Progress,2025-12-01 04:00:00,2025-12-02 04:00:00
C0726,H0193,Food Need,Minor,Resolved,2025-12-01 05:00:00,2025-12-02 05:00:00
C0727,H0292,Food Need,Minor,Resolved,2025-12-01 06:00:00,2025-12-02 06:00:00
C0728,H0397,Medical Need,Moderate,In Progress,2025-12-01 07:00:00,2025-12-02 07:00:00
C0729,H0083,Food Need,Minor,Assigned,2025-12-01 08:00:00,2025-12-02 08:00:00
C0730,H0398,Food Need,Moderate,Assigned,2025-12-01 09:00:00,2025-12-02 09:00:00
C0731,H0414,Housing Damage,Moderate,Resolved,2025-12-01 10:00:00,2025-12-02 10:00:00
C0732,H0206,Financial Assistance,Severe,New,2025-12-01 11:00:00,2025-12-02 11:00:00
C0733,H0383,Financial Assistance,Severe,Resolved,2025-12-01 12:00:00,2025-12-02 12:00:00
C0734,H0215,Medical Need,Minor,Assigned,2025-12-01 13:00:00,2025-12-02 13:00:00
C0735,H0408,Food Need,Minor,New,2025-12-01 14:00:00,2025-12-02 14:00:00
C0736,H0009,Food Need,Severe,Assigned,2025-12-01 15:00:00,2025-12-02 15:00:00
C0737,H0054,Financial Assistance,Moderate,Assigned,2025-12-01 16:00:00,2025-12-02 16:00:00
C0738,H0293,Food Need,Moderate,In Progress,2025-12-01 17:00:00,2025-12-02 17:00:00
C0739,H0163,Housing Damage,Severe,New,2025-12-01 18:00:00,2025-12-02 18:00:00
C0740,H0342,Financial Assistance,Minor,New,2025-12-01 19:00:00,2025-12-02 19:00:00
C0741,H0264,Food Need,Minor,New,2025-12-01 20:00:00,2025-12-02 20:00:00
C0742,H0391,Financial Assistance,Severe,Assigned,2025-12-01 21:00:00,2025-12-02 21:00:00
C0743,H0443,Medical Need,Moderate,Resolved,2025-12-01 22:00:00,2025-12-02 22:00:00
C0744,H0267,Medical Need,Severe,Resolved,2025-12-01 23:00:00,2025-12-02 23:00:00
C0745,H0199,Housing Damage,Severe,In Progress,2025-12-02 00:00:00,2025-12-03 00:00:00
C0746,H0425,Food Need,Severe,New,2025-12-02 01:00:00,2025-12-03 01:00:00
C0747,H0351,Financial Assistance,Moderate,Resolved,2025-12-02 02:00:00,2025-12-03 02:00:00
C0748,H0010,Food Need,Moderate,In Progress,2025-12-02 03:00:00,2025-12-03 03:00:00
C0749,H0260,Housing Damage,Moderate,In Progress,2025-12-02 04:00:00,2025-12-03 04:00:00
C0750,H0073,Medical Need,Minor,New,2025-12-02 05:00:00,2025-12-03 05:00:00
C0751,H0305,Food Need,Moderate,Resolved,2025-12-02 06:00:00,2025-12-03 06:00:00
C0752,H0059,Medical Need,Moderate,In Progress,2025-12-02 07:00:00,2025-12-03 07:00:00
C0753,H0480,Financial Assistance,Moderate,Resolved,2025-12-02 08:00:00,2025-12-03 08:00:00
C0754,H0059,Food Need,Severe,Resolved,2025-12-02 09:00:00,2025-12-03 09:00:00
C0755,H0368,Housing Damage,Moderate,New,2025-12-02 10:00:00,2025-12-03 10:00:00
C0756,H0403,Housing Damage,Minor,New,2025-12-02 11:00:00,2025-12-03 11:00:00
C0757,H0135,Medical Need,Severe,Assigned,2025-12-02 12:00:00,2025-12-03 12:00:00
C0758,H0315,Medical Need,Moderate,In Progress,2025-12-02 13:00:00,2025-12-03 13:00:00
C0759,H0138,Financial Assistance,Severe,New,2025-12-02 14:00:00,2025-12-03 14:00:00
C0760,H0142,Food Need,Severe,In Progress,2025-12-02 15:00:00,2025-12-03 15:00:00
C0761,H0014,Housing Damage,Moderate,In Progress,2025-12-02 16:00:00,2025-12-03 16:00:00
C0762,H0488,Food Need,Moderate,Assigned,2025-12-02 17:00:00,2025-12-03 17:00:00
C0763,H0067,Food Need,Minor,New,2025-12-02 18:00:00,2025-12-03 18:00:00
C0764,H0254,Financial Assistance,Moderate,Resolved,2025-12-02 19:00:00,2025-12-03 19:00:00
C0765,H0143,Medical Need,Severe,Resolved,2025-12-02 20:00:00,2025-12-03 20:00:00
C0766,H0074,Financial Assistance,Minor,New,2025-12-02 21:00:00,2025-12-03 21:00:00
C0767,H0006,Financial Assistance,Minor,Resolved,2025-12-02 22:00:00,2025-12-03 22:00:00
C0768,H0276,Food Need,Moderate,Resolved,2025-12-02 23:00:00,2025-12-03 23:00:00
C0769,H0452,Housing Damage,Minor,New,2025-12-03 00:00:00,2025-12-04 00:00:00
C0770,H0473,Housing Damage,Minor,Assigned,2025-12-03 01:00:00,2025-12-04 01:00:00
C0771,H0330,Financial Assistance,Severe,Resolved,2025-12-03 02:00:00,2025-12-04 02:00:00
C0772,H0101,Housing Damage,Severe,Assigned,2025-12-03 03:00:00,2025-12-04 03:00:00
C0773,H0373,Housing Damage,Moderate,Assigned,2025-12-03 04:00:00,2025-12-04 04:00:00
C0774,H0319,Medical Need,Minor,Assigned,2025-12-03 05:00:00,2025-12-04 05:00:00
C0775,H0391,Food Need,Severe,Assigned,2025-12-03 06:00:00,2025-12-04 06:00:00
C0776,H0121,Medical Need,Minor,Resolved,2025-12-03 07:00:00,2025-12-04 07:00:00
C0777,H0296,Financial Assistance,Minor,In Progress,2025-12-03 08:00:00,2025-12-04 08:00:00
C0778,H0208,Financial Assistance,Moderate,In Progress,2025-12-03 09:00:00,2025-12-04 09:00:00
C0779,H0492,Housing Damage,Severe,Resolved,2025-12-03 10:00:00,2025-12-04 10:00:00
C0780,H0144,Financial Assistance,Moderate,Assigned,2025-12-03 11:00:00,2025-12-04 11:00:00
C0781,H0045,Financial Assistance,Moderate,Assigned,2025-12-03 12:00:00,2025-12-04 12:00:00
C0782,H0437,Financial Assistance,Severe,In Progress,2025-12-03 13:00:00,2025-12-04 13:00:00
C0783,H0298,Food Need,Severe,Assigned,2025-12-03 14:00:00,2025-12-04 14:00:00
C0784,H0094,Housing Damage,Severe,Assigned,2025-12-03 15:00:00,2025-12-04 15:00:00
C0785,H0105,Food Need,Severe,New,2025-12-03 16:00:00,2025-12-04 16:00:00
C0786,H0001,Food Need,Moderate,In Progress,2025-12-03 17:00:00,2025-12-04 17:00:00
C0787,H0251,Medical Need,Minor,Resolved,2025-12-03 18:00:00,2025-12-04 18:00:00
C0788,H0468,Financial Assistance,Severe,Assigned,2025-12-03 19:00:00,2025-12-04 19:00:00
C0789,H0359,Housing Damage,Minor,New,2025-12-03 20:00:00,2025-12-04 20:00:00
C0790,H0282,Financial Assistance,Minor,In Progress,2025-12-03 21:00:00,2025-12-04 21:00:00
C0791,H0205,Housing Damage,Minor,New,2025-12-03 22:00:00,2025-12-04 22:00:00
C0792,H0341,Housing Damage,Minor,New,2025-12-03 23:00:00,2025-12-04 23:00:00
C0793,H0319,Medical Need,Severe,In Progress,2025-12-04 00:00:00,2025-12-05 00:00:00
C0794,H0158,Food Need,Minor,New,2025-12-04 01:00:00,2025-12-05 01:00:00
C0795,H0410,Medical Need,Minor,Assigned,2025-12-04 02:00:00,2025-12-05 02:00:00
C0796,H0244,Housing Damage,Moderate,Assigned,2025-12-04 03:00:00,2025-12-05 03:00:00
C0797,H0114,Financial Assistance,Minor,In Progress,2025-12-04 04:00:00,2025-12-05 04:00:00
C0798,H0367,Food Need,Moderate,In Progress,2025-12-04 05:00:00,2025-12-05 05:00:00
C0799,H0132,Housing Damage,Moderate,Assigned,2025-12-04 06:00:00,2025-12-05 06:00:00
C0800,H0429,Housing Damage,Moderate,Resolved,2025-12-04 07:00:00,2025-12-05 07:00:00
C0801,H0435,Housing Damage,Moderate,In Progress,2025-12-04 08:00:00,2025-12-05 08:00:00
C0802,H0324,Housing Damage,Severe,In Progress,2025-12-04 09:00:00,2025-12-05 09:00:00
C0803,H0188,Medical Need,Minor,New,2025-12-04 10:00:00,2025-12-05 10:00:00
C0804,H0271,Financial Assistance,Minor,Assigned,2025-12-04 11:00:00,2025-12-05 11:00:00
C0805,H0320,Housing Damage,Minor,Assigned,2025-12-04 12:00:00,2025-12-05 12:00:00
C0806,H0111,Food Need,Minor,Assigned,2025-12-04 13:00:00,2025-12-05 13:00:00
C0807,H0103,Financial Assistance,Moderate,In Progress,2025-12-04 14:00:00,2025-12-05 14:00:00
C0808,H0065,Financial Assistance,Minor,New,2025-12-04 15:00:00,2025-12-05 15:00:00
C0809,H0188,Housing Damage,Severe,Resolved,2025-12-04 16:00:00,2025-12-05 16:00:00
C0810,H0237,Financial Assistance,Moderate,In Progress,2025-12-04 17:00:00,2025-12-05 17:00:00
C0811,H0188,Housing Damage,Severe,In Progress,2025-12-04 18:00:00,2025-12-05 18:00:00
C0812,H0086,Food Need,Moderate,New,2025-12-04 19:00:00,2025-12-05 19:00:00
C0813,H0078,Food Need,Moderate,Assigned,2025-12-04 20:00:00,2025-12-05 20:00:00
C0814,H0257,Food Need,Moderate,Resolved,2025-12-04 21:00:00,2025-12-05 21:00:00
C0815,H0355,Medical Need,Moderate,Resolved,2025-12-04 22:00:00,2025-12-05 22:00:00
C0816,H0278,Food Need,Severe,Assigned,2025-12-04 23:00:00,2025-12-05 23:00:00
C0817,H0076,Housing Damage,Severe,New,2025-12-05 00:00:00,2025-12-06 00:00:00
C0818,H0189,Food Need,Moderate,Resolved,2025-12-05 01:00:00,2025-12-06 01:00:00
C0819,H0471,Financial Assistance,Moderate,In Progress,2025-12-05 02:00:00,2025-12-06 02:00:00
C0820,H0159,Housing Damage,Severe,In Progress,2025-12-05 03:00:00,2025-12-06 03:00:00
C0821,H0329,Financial Assistance,Moderate,Assigned,2025-12-05 04:00:00,2025-12-06 04:00:00
C0822,H0436,Financial Assistance,Moderate,In Progress,2025-12-05 05:00:00,2025-12-06 05:00:00
C0823,H0329,Food Need,Minor,In Progress,2025-12-05 06:00:00,2025-12-06 06:00:00
C0824,H0115,Financial Assistance,Moderate,New,2025-12-05 07:00:00,2025-12-06 07:00:00
C0825,H0117,Housing Damage,Moderate,Resolved,2025-12-05 08:00:00,2025-12-06 08:00:00
C0826,H0110,Financial Assistance,Severe,Assigned,2025-12-05 09:00:00,2025-12-06 09:00:00
C0827,H0215,Housing Damage,Minor,New,2025-12-05 10:00:00,2025-12-06 10:00:00
C0828,H0399,Financial Assistance,Minor,Resolved,2025-12-05 11:00:00,2025-12-06 11:00:00
C0829,H0337,Food Need,Moderate,New,2025-12-05 12:00:00,2025-12-06 12:00:00
C0830,H0410,Food Need,Moderate,Resolved,2025-12-05 13:00:00,2025-12-06 13:00:00
C0831,H0344,Medical Need,Moderate,Resolved,2025-12-05 14:00:00,2025-12-06 14:00:00
C0832,H0464,Financial Assistance,Minor,In Progress,2025-12-05 15:00:00,2025-12-06 15:00:00
C0833,H0284,Medical Need,Minor,Resolved,2025-12-05 16:00:00,2025-12-06 16:00:00
C0834,H0357,Food Need,Minor,Assigned,2025-12-05 17:00:00,2025-12-06 17:00:00
C0835,H0277,Housing Damage,Severe,Resolved,2025-12-05 18:00:00,2025-12-06 18:00:00
C0836,H0164,Medical Need,Severe,Resolved,2025-12-05 19:00:00,2025-12-06 19:00:00
C0837,H0167,Housing Damage,Minor,Assigned,2025-12-05 20:00:00,2025-12-06 20:00:00
C0838,H0410,Medical Need,Severe,New,2025-12-05 21:00:00,2025-12-06 21:00:00
C0839,H0283,Housing Damage,Moderate,In Progress,2025-12-05 22:00:00,2025-12-06 22:00:00
C0840,H0003,Housing Damage,Severe,In Progress,2025-12-05 23:00:00,2025-12-06 23:00:00
C0841,H0102,Housing Damage,Moderate,Assigned,2025-12-06 00:00:00,2025-12-07 00:00:00
C0842,H0030,Food Need,Moderate,Resolved,2025-12-06 01:00:00,2025-12-07 01:00:00
C0843,H0021,Financial Assistance,Severe,New,2025-12-06 02:00:00,2025-12-07 02:00:00
C0844,H0474,Financial Assistance,Moderate,Resolved,2025-12-06 03:00:00,2025-12-07 03:00:00
C0845,H0224,Financial Assistance,Moderate,In Progress,2025-12-06 04:00:00,2025-12-07 04:00:00
C0846,H0127,Housing Damage,Severe,Resolved,2025-12-06 05:00:00,2025-12-07 05:00:00
C0847,H0479,Housing Damage,Minor,Resolved,2025-12-06 06:00:00,2025-12-07 06:00:00
C0848,H0187,Food Need,Moderate,New,2025-12-06 07:00:00,2025-12-07 07:00:00
C0849,H0211,Medical Need,Moderate,New,2025-12-06 08:00:00,2025-12-07 08:00:00
C0850,H0055,Food Need,Severe,In Progress,2025-12-06 09:00:00,2025-12-07 09:00:00
C0851,H0187,Housing Damage,Moderate,In Progress,2025-12-06 10:00:00,2025-12-07 10:00:00
C0852,H0079,Medical Need,Moderate,Assigned,2025-12-06 11:00:00,2025-12-07 11:00:00
C0853,H0363,Financial Assistance,Moderate,Resolved,2025-12-06 12:00:00,2025-12-07 12:00:00
C0854,H0243,Medical Need,Moderate,In Progress,2025-12-06 13:00:00,2025-12-07 13:00:00
C0855,H0176,Financial Assistance,Severe,New,2025-12-06 14:00:00,2025-12-07 14:00:00
C0856,H0290,Housing Damage,Minor,New,2025-12-06 15:00:00,2025-12-07 15:00:00
C0857,H0236,Financial Assistance,Moderate,Assigned,2025-12-06 16:00:00,2025-12-07 16:00:00
C0858,H0475,Financial Assistance,Minor,In Progress,2025-12-06 17:00:00,2025-12-07 17:00:00
C0859,H0190,Financial Assistance,Severe,In Progress,2025-12-06 18:00:00,2025-12-07 18:00:00
C0860,H0500,Medical Need,Severe,New,2025-12-06 19:00:00,2025-12-07 19:00:00
C0861,H0165,Medical Need,Minor,New,2025-12-06 20:00:00,2025-12-07 20:00:00
C0862,H0298,Financial Assistance,Moderate,New,2025-12-06 21:00:00,2025-12-07 21:00:00
C0863,H0389,Housing Damage,Severe,New,2025-12-06 22:00:00,2025-12-07 22:00:00
C0864,H0306,Financial Assistance,Severe,Assigned,2025-12-06 23:00:00,2025-12-07 23:00:00
C0865,H0468,Medical Need,Moderate,Assigned,2025-12-07 00:00:00,2025-12-08 00:00:00
C0866,H0035,Medical Need,Moderate,In Progress,2025-12-07 01:00:00,2025-12-08 01:00:00
C0867,H0307,Food Need,Minor,New,2025-12-07 02:00:00,2025-12-08 02:00:00
C0868,H0053,Food Need,Minor,Resolved,2025-12-07 03:00:00,2025-12-08 03:00:00
C0869,H0464,Medical Need,Severe,Resolved,2025-12-07 04:00:00,2025-12-08 04:00:00
C0870,H0054,Financial Assistance,Moderate,In Progress,2025-12-07 05:00:00,2025-12-08 05:00:00
C0871,H0280,Financial Assistance,Moderate,Resolved,2025-12-07 06:00:00,2025-12-08 06:00:00
C0872,H0256,Housing Damage,Severe,In Progress,2025-12-07 07:00:00,2025-12-08 07:00:00
C0873,H0123,Food Need,Minor,In Progress,2025-12-07 08:00:00,2025-12-08 08:00:00
C0874,H0381,Medical Need,Severe,Assigned,2025-12-07 09:00:00,2025-12-08 09:00:00
C0875,H0099,Food Need,Moderate,Resolved,2025-12-07 10:00:00,2025-12-08 10:00:00
C0876,H0447,Medical Need,Severe,In Progress,2025-12-07 11:00:00,2025-12-08 11:00:00
C0877,H0180,Medical Need,Moderate,New,2025-12-07 12:00:00,2025-12-08 12:00:00
C0878,H0211,Medical Need,Severe,Resolved,2025-12-07 13:00:00,2025-12-08 13:00:00
C0879,H0459,Food Need,Moderate,New,2025-12-07 14:00:00,2025-12-08 14:00:00
C0880,H0444,Medical Need,Minor,New,2025-12-07 15:00:00,2025-12-08 15:00:00
C0881,H0172,Financial Assistance,Severe,In Progress,2025-12-07 16:00:00,2025-12-08 16:00:00
C0882,H0360,Financial Assistance,Moderate,In Progress,2025-12-07 17:00:00,2025-12-08 17:00:00
C0883,H0486,Financial Assistance,Moderate,In Progress,2025-12-07 18:00:00,2025-12-08 18:00:00
C0884,H0442,Food Need,Minor,Resolved,2025-12-07 19:00:00,2025-12-08 19:00:00
C0885,H0435,Medical Need,Severe,New,2025-12-07 20:00:00,2025-12-08 20:00:00
C0886,H0128,Medical Need,Severe,Assigned,2025-12-07 21:00:00,2025-12-08 21:00:00
C0887,H0215,Food Need,Severe,New,2025-12-07 22:00:00,2025-12-08 22:00:00
C0888,H0381,Food Need,Severe,In Progress,2025-12-07 23:00:00,2025-12-08 23:00:00
C0889,H0170,Housing Damage,Severe,In Progress,2025-12-08 00:00:00,2025-12-09 00:00:00
C0890,H0035,Food Need,Minor,Assigned,2025-12-08 01:00:00,2025-12-09 01:00:00
C0891,H0219,Medical Need,Moderate,New,2025-12-08 02:00:00,2025-12-09 02:00:00
C0892,H0344,Food Need,Moderate,New,2025-12-08 03:00:00,2025-12-09 03:00:00
C0893,H0253,Food Need,Severe,Assigned,2025-12-08 04:00:00,2025-12-09 04:00:00
C0894,H0004,Food Need,Severe,Resolved,2025-12-08 05:00:00,2025-12-09 05:00:00
C0895,H0083,Food Need,Minor,In Progress,2025-12-08 06:00:00,2025-12-09 06:00:00
C0896,H0015,Food Need,Severe,Assigned,2025-12-08 07:00:00,2025-12-09 07:00:00
C0897,H0467,Medical Need,Severe,In Progress,2025-12-08 08:00:00,2025-12-09 08:00:00
C0898,H0366,Medical Need,Minor,New,2025-12-08 09:00:00,2025-12-09 09:00:00
C0899,H0117,Financial Assistance,Moderate,In Progress,2025-12-08 10:00:00,2025-12-09 10:00:00
C0900,H0370,Financial Assistance,Minor,Assigned,2025-12-08 11:00:00,2025-12-09 11:00:00
